gloss_pt,gloss_en,mbj_rc_m05,mbj_rc_eppsob,mbj_rn_m05,daw_m05,daw_eppsob,hup_m05,hup_ramepps,yhp_m05,yhp_silva
beiju,flatbread,,,,bǎ:ʔ ,bǎʔ,bʼǎ̰:ʔ ,mbʼàʔ,bʼâ̰:ʔ ,NF
comida,food,,,,wɛ̌:d,wěd,wɛ̌:dn,wɛdn,wɛ̂:dn,wɛ́dn
goma,tapioca,ʃɛ̃jnũ:h ʔenũh,,nũ:h,nũ̌:h,nũ̌h,nũ̌:h,nùh,nũ̂:h,núh
girino,tadpole,,,,ndud,ndǔd,nduɾudn,nduɾùdn,,ndud udn
rã,frog,,,cʼʌ̰: j,cʼâ: j,câj,,sʼày,,saáy
rã (sp.),frog (sp.),woh,,woh,woh,woh,woh,wóh,woh,wә
rã (sp.) (Leptodactylus sp.),frog (sp.),jәgŋ,,jәkŋ,jəx,jəx,jәx,,,
rã (sp.),frog (sp.),jṵ:ʔ,,,jǔ:h,jǔh,jǔ:h,,jǔ:h,
sapo (fam. dos bufonídeos),toad,cʼapә ʔ,,cʼapә :h,pә̌:ʔ,pə̌ʔ,,,,
animal de caça,game (hunted animal),,,,hũ̂:,hũ̂,hũ̂:,NF,hũ̂:h,hũh hũ
cuandu 1 (porco-espinho) (fam. dos bufonídeos),porcupine,kako: ʃ,kako:s ɨb,kaku: ʃ,,,,NF,,NF
cuandu 2 (porco-espinho) (fam. dos bufonídeos),porcupine,,,,pû:g,pǔg,pû:gŋ,pùgŋ,pû:gŋ,púg
cutia 1 (Dasyprocta fuliginosa),agouti,,,,mɛ̃̌:t,mɛ̃̌t,mɛ̃̌:t,mɛ̀t,mɛ̃̂:t,mɛ́t
cutia 2 (Dasyprocta fuliginosa),agouti,mãjã:w,,mĩjã:w,,,,NF,,NF
cutiuaia 1 (Myoprocta pratti),green acouchi,,,,kʼaɟ,kaɟ,kʼaʲɟɲ,,kʼaʲɟɲ,
cutiuaia 2 (Myoprocta pratti),green acouchi,mãbәgŋ,mabәgŋ,wәbәgŋ,,,,,,
Jupará,kinkajou (Potus flavus),,,,hɛ̃̂:n,,mɛ̃hɛ̃̌:n,mɛhɛ̀n,,
Jupará,Eastern lowland olingo (Bassaricyon alleni),wacʼɔ̃g,,wɔ̃hcʼɔ̃g,cʼɔ̰̃k,cɔ̃k,wɔ̃hcɔ̰̃k,wᴐ̃hsᴐ̃́k,,
Lontra,otter (Pteronura brasiliensis),ʔajo̰:g,ajʼo:g,ʔajɔ̰:g,ʔjɔ̌:k,j’ɔ̌k,dʲɔkpǒ:gŋ,,jɔ̂:k,yᴐk
Macaco (sp de sagui),tamarin monkey (Saguinus inustus),jãmãʃi:ʃ,,mĩʃi:ʃ,ʃî:ɟ,ʃîɟ,,,,
Macaco-barrigudo,woolly monkey (Lagothrix lagotricha),,,,ʔoh,ʔoh,ʔoh,óh,ʔɔ̌h,oh
Macaco-caiarara,wedge-capped capuchin monkey (Cebus olivaceus ),ʃãmɨ̃:j̃,samɨ̃ɨ̃j,ʃãmã:j̃,mɔ̃̂:j̃,mɔ̃̂j,,,mɔ̃̂:j̃,
Macaco-de-cheiro,squirrel monkey (Saimiri sciureus),baɾi:d,,mãɾid,,,,,,
Macaco-de-cheiro,squirrel monkey (Saimiri sciureus),,,,biɟ,biɟ,bʼɨ̰ʲɟɲ,,,
Macaco-da-noite,night monkey (Aotus vociferans),kɨ̃jkɨ̃:j,,kujiʔ,xujʔ,xuj’,kukuj,kukúy,kukǔ:j,kukuy
Macaco-guariba,howler monkey (Alouatta seniculus),,,,tû:g,tûg,tǔ:gŋ,tùgŋ,tû:gŋ,túg
Macaco-prego,tufted capuchin monkey (Cebus apella),jawʌ̰:j,jawʼә:j,jawʌ̰:j,wǎ:ʃ,wǎʃ,jawǎ:ç,yawàç,wâ:jʰ,
Macaco uacari-preto,golden-backed uakari monkey (Cacajao melanocephalus),,,,ʔɛ̃̌:ʃ,‘ɛ̃̌ʃ,ʔɛ̃ç,,ʔɛ̃̂:jʰ,
Macaco zogue-zogue,collared titi monkey (Callicebus torquatus),kʼṵ:k,,kʼo̰:kŋ,kʼô̰:g,kôg,kʼô̰:gŋ,kʼògŋ,kʼô̰gŋ,koóg
Morcego 1,bat (Desmodus rotundus),,,,bɨx,bɨx,cɨbʼɨ̃h,,,
Mucura,opossum (Didelphis sp.),cʼawa:j,cawa:j,cʼawa:j,w̰ʔɛj,wɛ̂j,ʃãm̰ʔã̂:j,saʼmáy,,
Onça,jaguar (Panthera onca),,,,j̰̃ãm xɨʔ,j’abm xɨʔ,j̃ãʔãm,yaʼám,j̃ãʔã̌:m,yãam
Paca,paca (Agouti paca ),daʔpa:ʔ,depa:,nẽpa:h,paʔ,paʔ,,,,
Porco,peccary (Tayassu pecari),to:h,to:h,to:h,tɔh tɔh mɛ̃t,tɔh,tɔ̃h,tᴐ̃́h,tɔ̃̌:h,
Quati,ringtail coati (Nasua nasua),,,,ʃû:,ʃû,cû:,sú,cû:h,su
Tamandua,collared anteater (Tamandua tridactyla),jɔdn,,jɔdn,jɔddn,jɔdn,,,jɔ̃̌:n,yᴐ̃n
Tamandua 1,giant anteater (Myrmecophaga tridactyla),jahu:dn,jahu:dn,ʔihu:dn,xû:ddn,xûdn,,,,
Tamandua 2,giant anteater (Myrmecophaga tridactyla),mɨgŋ,,mbɨ̌:gŋ,mbbɨ̌:ggŋ,mbɨg,,,,
Tatu-galinha 1,armadillo (Dasypus novemcinctus),,,,jә̂:w,jəw,jě:w,yèw,jê:w,yéw
Tatu-galinha 2,armadillo (Dasypus novemcinctus),wḛ:ɟ,,wḛ:ɟ,,,,,wî:ʲɟɲ,
Tatu canastra,giant armadillo (Priodontes maximus),,,,ʔõ̌:k,ʔɔ̃̌k,ʔǒ:k,,,
Veado-catingueiro,gray brocket deer (Mazama gouazoubira),,,,cʼәcʼǎ:h,cocǎh cohcâ,mɔ̃hɔ̃jʼcʼâ:,,mɔ̃hɔ̃j̃ʼcʼâ̰:h,mᴐhᴐ́ysaa
Veado-mateiro,red brocket deer (Mazama americana),,,,cʼәhә̂:w,cohə̌w,mɔ̃hɔ̃j̃hә̌:w,,mɔ̃hɔ̃j̃hә̂:w,mᴐhᴐ́yhә́w
Cauda,tail,dɔ̃m,dõm,nɔ̃m,dubbm,dubm,dʼṵbm,ndʼúbm,dʼṵbm,nduubm
Chifre,horn,ʃã̰:n,,ʃã̰:n,ʃã̰̌:nʔ,ʃã̂n’,cã̰̌:nʔ,sànʔ,cã̰̂:nʔ,
Couro ou pele,skin,bɨ:h,bɨ:h,bɨ:h,bɨk,bɨk,,,,
Gordura 1,fat; grease,,,,nɛ̃g,nɛ̃g,nã̌:ŋ,,nã̌:ŋ,nag
Araçari,aracari (small toucan) (Pteroglossus sp.),jʌ:b,,,jâ b,jâb,,,jâ:bm,
Araraçanga 1,macaw (Ara macao),,,,,,jǎ:k ,yàk,jǎ:k ,yák
Araraçanga 2,macaw (Ara macao),kʼaʔɾo:ʔ,,kʼaɾu:h,kʼa lʔ,kǎl’,,,,
Beija-flor 1,hummingbird (familia dos troquilideos),cʼi:p,,cʼi:p,,,,,,
Beija-flor 2,hummingbird (familia dos troquilideos),,,,ʃug,ʃug,cu:gŋ,súgŋ,cǔ:gŋ,sug
Coruja 1,owl (genero otus),,,,,wěw’,pәpәp,pәpә́p,pәpә̌:p,pәpәp
Coruja 2,owl (genero otus),wo̰:ɾə,wʼo:ɾ,wo̰:ɾə,,,,,,
Cujubim (Pipile sp.),piping guan,kajṵ:j,,kajṵ:j,xujǔ:j ʔ,xujǔj’,,,,
Garca,egret (familia dos ardeideos),,,,mboh,mboh,boh owʔ,mboh ówʔ,,
Gaturamo,thick-billed euphonia (Euphonia laniirostris),,,,cʼubbm,,cʼǔ:bm,,cʔǔ:bm,suúbm
Gaviao-real,harpy eagle?; hawk (Harpia harpyja),wi:ʔ,wa wi:,wi:h,wǐ h,wǐh,wǐh pǒg,wih pògŋ,wîh,wíh
Jacu,Spix’s guan (Penelope jacquacu),jә̰:j,,jə̰:j,jěʃ,jěʃ,jěc,,jěc,
Japu-do-bico-encarnado,japu (Psarocolius sp.) [Gymnostinops is outdated name] (Gymnostinops,dṵb,,do̰:b,dǒ:p,dǒp,dʼǒ̰:p,ndʼóp,dʼô̰:p,ndoop
Maitaca,blue-headed parrot (Pionus menstruus),du:ʃ,,du:ʃ,dǔ:ic,dǔc,dʼṵ̂:ic,ndʼùs,dʼṵ̌:ʲɟ,
Nambu-galinha,white-throated tinamou (Tinamus guttatus),ho̰:h,,ho̰:h,hǒ:h,mɔ̃hǒh,mɔ̃hǒ:h,mᴐhhòh,,
Nambu-grande,great tinamou (Tinamus major),,,,mɔ̂̃:,mɔ̃̂,mɔ̃̌:h,mᴐ̀h,mɔ̃̂:h,mᴐ́h
Papagaio-moleira,mealy parrot (Amazona farinosa),cʼɔj,,cʼɔj,cʼɔj,cɔj,cʼɔ̰jʔ,,cʼɔ̰jʔ,sᴐᴐy’
Pomba-galega,dove (Columba cayennensis),wawɛ̃hɛ̃h,,,wɛ̃h,wɛ̃h,wɛ̃ç,,wɛ̃h,wɛ̃h
Rouxinol,moriche oriole (Icterus chrysocephalus),,,cʼu: b,cʼû: b,ʃǐp,,,,
Tucano,toucan (Ramphastos sp.),ʃoked ʃaked ʃuked,suked,ʃaked,cʼokʼwet,cokwet,cokw̰әt,sᴐkwʼә́t,cɔhkәt,sᴐkәt
Urubu,vulture (Coragyps atratus),wә:h,,wә:h,waʔ,waʔ,wãʔ,wã́ʔ,wãʔ,
Urumutum,nocturnal currasow (Nothocrax urumutum),,,,tǔ:ddn,tǔdn,mɔ̃jtǔ:dn,mᴐytùdn,mɔ̃jtǔ:dn,mᴐytudn
Ninho,nest,mã:g,,mã:g,,mbeʔ,,,,
Ovo,egg,ʔetɨ:p tɨb,tɨb,tɨb,tɨ̌:b,tɨ̌p,tǐ:p,tip,tî:p,típ
Amarelo,yellow,ʃawʌ̰:k,,ʔawa̰:kŋ,,,,,,
Azul; verde,blue; green,jabaɾǔ: t ,jabaɾu:t,maɾu: t ,,,,,,
Branco 1,white,hawak ,hawak,hawakŋ,,,,,,
Branco 2,white,,,,hô:,hô,tohoh,tohó,tohoh,
Vermelho 1,red,,,,ndô:,ndô,ndô:,,,
Vermelho 2,red,hi:dn,hahi:dn,hi:ɟɲ,,,,,hě:ɟɲ,
Camarão,shrimp,ʃә:ʔ,sә:,ʃɨ:ʔ,ʃoʔ,ʃoʔ,cәʔ,sәʔ,cәcәʔ,sәsә’
Caranguejo,crab (gen. Trichodactylus),cʼahʌ:bm,,cʼʌhʌ:bm,xâ:bbm,xâbm,,,,
Caranguejo,crab (gen. Trichodactylus)­­,,,,,,ʃɔhɔ̂:,sᴐhᴐ́,cɔhɔ̌:h,
Caranguejo,crab (gen. Trichodactylus),,,,,,cɔ̃hõ̌:m,,cɔ̃hõ̂:m,
Diarreia,diarrhea,,,,,jǒh,cuɟɲ,NF,cuɟɲ,NF
Ferida 1,wound (causada por corte),,,,ndɔ:h,ndɔh,,NF,ndɔ̌:h,ndᴐᴐh
Ferida 2,wound,,,,xɔ̃m,xɔbm,hɔ̃m,hᴐ́m,hɔ̃m,NF
Lombriga,nematode (roundworm) (Ascaris lumbricoides),ʃɔ:d,,ʃɔ:d,ʃɔ:t,ʃɔ̌t,,NF,,NF
Remedio,medicine,,,,j̃ɔ̃̌:h,jɔ̃̌h,j̃ɔ̃̌:h,yᴐ̃̀h,ɲɔ̃̌:h,yᴐ̃h
Sarampo,measles,,,,,,pab,páb’,pǎ:b,pamʔ
Abaixar,lower,hɨgŋ hɨ:h,hɨgŋ hɨ:h,hɨgŋ,xɨ̂:,xɨ̂,hî:,hí,hi,hi
Abanar,lower,hәbm,,,hebmʔ,hem’,hebmʔ,héb́,hɛbmʔ,hemʔ
Abrir 1,open,,,,poʔ,poʔ,poʔ,póʔ,poʔ,po’
Abrir 2,open,je:ɟɲ jḛ:j,,,jɛɟ,jǐc,,,,
Acabar 1,finish,ʔahʌj ʔahә:j,,ʔahʌj,,,,,,NF
Acabar 2,finish,,,,hũʔ,hũʔ,hũʔ,hū̃̃́ʔ,hũʔ,hũ’
Acabar 3,finish,jã:m,,jã:m,jɛ̃̂:m,jɛ̃̂m,,NF,,NF
Acender 1,light (fire),,atә:,,tәʔ,təʔ,tәʔ,tәʔ,tәʔ,tә’
Acender 2,light (fire),tagŋ ta:h,,ta:h,,,,tә́ʔ,,ta:ʔ
Agitar 1,mix; stir,,,,,wɔ̃n’,w̃ɔ̃nʔ,NF,w̃ɔ̃nʔ,NF
Agitar 2,mix; stir,,,kaw̃ɔ̃j̃,,,,NF,mĩhw̃ɔ̃j̃,mihwᴐ̃ç
Ajudar 1,help,,,,,,tã̂:m,hi tám,tãm,
Ajudar 2,help,ʔmãʃaʔ ʔmaʃa:ʔ,,ʔmẽʃa:h,,,,NC ,,NC
Alagar; inundar,drown,   kʼɨ̰:p kʼɨ̰:b,,kʼɨ̰:b,kʼɨ̃̂:m,kɨ̂bm,kʼɨ̃̂:m,k’ɨ́m,,NF
Alisar,smooth,hawә:k,,hawʌg,,,hәk,NC,,NC
Amar; souvinar,love; be stingy,,,,wɔj,wɔj,wɔj,wᴐy,wɔj,wᴐy
Amarrar,tie,da̰:p da:b,,,dâ:b,dâb,,,tabm,tabm
Amontoar,rest/be put on (something),,,,wʔô:b,wôb,wuʔwô:bm,NF,wʔobm,woobm
Apagar,go out,du:k dug,,du:g,dɔ̌:k,dɔ̌k,dʼɔ̰̌:k,ndʼᴐ́k,dʼɔ̰k,ndᴐᴐk
Aparecer,appear,,,,haddn,hadn,bahadn,,,wahadn
Apodrecer,rot,ʔaʃʌ̰:ʃ ʔaʃa:ɟ,,ʔaʃa:j ʔaʃa:ɟ,,,,,,
Apodrecer2,rot,,,,,dɔx,,ndʼᴐ́h,,ndᴐᴐh
Aquecer,warm up,,,,kʼɨ̰ʔ,,kʼɨ̰̂ʔ,NF,kʼɨ̰ʔ,kɨʔ
Arrancar 1,pull out,ʔakʼ o̰:ʔ ʔakʼ o:ʔ,,kʼ o:ʔ,,,kʼ ɔ̰̌:ʔ,kᴐʔ,kʼ ɔ̰ʔ,kᴐᴐʔ
Arrancar 2,pull out,,,,wɔc,wɔc,wɔc,NF,,NF
Arranhar,scratch,kuʃ kuɟ,,,xô:ɟ,xôj,koʲɟɲ,kój,,hɨ kĩit
Arrastar,pull; drag,takɨg takɨg,,takɨg,xә̌:k,xə̌k,,NC,kәgŋ,kәk hɨ̃k
Assar,roast,jʌʔ jә:ʔ,,,jaʔ,jaʔ,jɛ̃ʔ,yɛ̃ʔ,jɛ̃ʔ,yɛ̃ʔ
Assobiar,whistle,hɔ̃:ɲ hɔ̃:j̃ hɔ̰̃:ɲ,,hɔ̃:j̃,hɔ̃̌:j̃,hɔ̃̌y,pɔ̃hɔ̃̂: j̃,,pɔ̃hɔ̃ j̃,pᴐ̃hᴐy
Atirar,throw,bo:h boh,,bo:h,bux,bux,bʼṵ,mbʼuy,bʼṵh,mbuuh
Babar 1,drool,nãɾe:h,,nãɾe:h,,,,NF,,NF
Babar 2,drool,,,,,,nɔ̃hʃǎ:w,NF,nɔcaw,nᴐhsáw
Balançar,swing,,,,jǒ:jʔ,jǒj’,jǒ:jʔ,yᴐ́yʔ,jojʔ,yoyʔ
Banhar,bathe; swim,cʼɔbm,acᴐbm,cʼɔbm,cʼɔbbm,cɔbm,cʼɔ̰̌̃:m,sʼᴐ́m,cʼɔ̰̃m,sᴐ̃ᴐm
Barulho,noise,,,,,,hɔ̃̌:h,hᴐ̃̀h,hɔ̃̌:h,hᴐ̃hᴐh huh
Beber,drink,ʔә:k ʔә:gŋ,e?:k,ʔɨgŋ,ʔәg,ʔəg,ʔәgŋ,әgŋ,ʔәgŋ,әg
Beijar,kiss,cʼu:p cʼu:b,,cʼu:b,cʼũ̌:ɲʔ,cũ̌ɲ’,cʼṵ̃p,sʼṹp,cʼṵ̃p,sũup
Beliscar 1,pinch,waʃi:ʔ ʃḭ:ʔ,,ʃḭ:h ʃi:h,,,,NF,,NF
Beliscar 2,pinch,,,,ʃî:b,ʃîb,cĩ̌:mʔ,tímʔ símʔ,cĩmʔ,sĩim’
Bocejar 1,yawn,habm haw,no:kehabm,habm,,,,NF,,NF
Bocejar 2,yawn,,,,nɔ̃hkʼǎ̰:ʔ,nɔ̃hkâ,nɔ̃hkʼǎ̰:ʔ,nᴐhʼká,nɔ̃hkʼa̰h,nᴐh ka
Brigar,fight,ʔo:bm,eo:bm,,ʔũ̂:m,ʔũ̂m bateɾ,ʔũhm ɛ̃h,ũhm ɛ́h,ʔũm,ũhũm
Brilhar,shine; be bright,bag,,bag,bɛʔ bɛ̂:g,bɛ̂g,bʼa̰gŋ,mbʼagŋ,bʼa̰ʔ,mbɛɛ ʔ
Buscar agua,fetch water,kʼɔp kʼɔb,,kʼɔp kʼɔb,kʼɔp,kɔp,kʼɔ̰p,kʼᴐ́p,kʼɔ̰p,ka ʔ kᴐᴐp
Cair,fall,,,,nɔ̃x,nɔ̃x,nɔ̃h,nᴐ́h,nɔ̃h,nᴐh hi
Cantar,sing,jʌ:bm jʌbm,ejʌbm,jʌ:bm,jãm,jãm hɨ̃h,jãm,yam,jãm,yãm
Capinar,cut weeds,ʃok  ʃog,asok,ʃog,,ʃɛ̃ʃ,,sɛ̃́ç,cәk,sәk
Carregar,carry (on back?),ʃә:t ʃә̰:d,asә:t,ʃә:d,ʃě:t,ʃět,cě:t,sét,cet,set
Chamar,call,ʔә:ɟɲ ʔә:j,naә:ɟɲ,ʔә:j,ʔәj,ʔəj,ʔej,ey,ʔej,ey
Chegar; encontrar,meet; encounter,wɨt,,wɨt,wɨd,wɨ̂d,wɨdn,wɨdn,wɨt,wɨt
Cheirar,fill up,hɨ̃:k hʌ̃g,macehɨ̃ɨ̃k,hã:kŋ,ʔɨ̃̌:k ,ʔɨ̃̌k,,NF,,NF
Chorar,cry,ʔo:t ʔɔd,ao:t,ʔɔd ʔo:t,ʔɔ̃̌:t,ʔɔ̃̌t,ʔɔt,ᴐ́t,ʔɔt,ᴐtᴐ̃t
Chutar,kick,da:ʃ daɟ,,da:ʃ daɟ,dɛɟ,dɛɟ,tac,tás,tac,tas
Coçar 1,itch,cʼu:k cʼug,acu:k,cʼu:g,cʼǔ:k,cǔk,cʼuk,,cʼuk,suuk
Coçar 2,itch,ʃɨ̰:t ʃɨ:d,, ,ʃĩnʔ,ʃîd,,,,?
Colocar,put onto,,,,w̰ob,w’ôb,w̰obm,wʼobm,wobm,wobm
Comer 1,eat,wә:h,awәh,wɨ:h,,,,,,
Comer 2,eat,,,,wɛ̂:d,wɛ̂d,wɛ̌:dn,,wɛdn,wɛdn
Correr,run,,,,ʔɔx,ʔɔx,toʼʔoh,,tʼô̰:h,
Cortar 1,cut (hack),,,,tě:ʃ,tɛʃ,,,tәjʰ,
Cortar 2,cut (saw),kʼahɔ̃k kʼahɔ̃g ʔahɔ̃k,gehõk,hɔ̃:kŋ hɔ̃g,hɔ̃̌:k,hɔ̃k,hɔ̃̌:k,hᴐ̃́k,hɔ̃k,hᴐ̃k
Costurar,sew,ʃu:h ʃugŋ,,ʃu:h ʃugŋ,,,cuh,suh,cuh,suh
Cozinhar,cook,,,,,,cʼɨ̂:w,taʼasáw,cʼɨw,sᴐ̃hᴐ́m
Crescer 1,grow,,,,,pegʃǎk,cap,sap,cap,sap
Cuidar,take care of,,,,,hũjwəj’,hikej,,kej,key
Cuspir,spit,cʼo: ʃ cʼɔ ʃ,,cʼɔ: ʃ,cʼɔ̌: ʃ,cɔ̌ʃ,cʼɔ̌: ç,,cʼɔ̌:jʰ,
Cutucar,poke,tatuk tatug,,tug,,,,,,
Dabucuri; dancar,dabucuri; dance,jәbm jʌbm,jәbm,jʌbm,jabbm,jabm,jãm,yám,jãb,
Dar,give,nɔ̃:ʔ nɔ̰̃:ʔ,,,nɔ̃̌:ʔ,nɔ̃̌ʔ,nɔ̃ʔ,nᴐʔ,nɔ̃ʔ,nᴐ’
Defecar,defecate,ja:ʔ,jʼa:,,jɛ̌:ʔ,jɛ̌ʔ,ɲdʲɛʔ,yɛʔ,jɛʔ,yɛ’
Deitar 2,lie (on ground),jat jad,ajat,,jet,jɛt,jɛt,yɛt,jɛt,yɛt
Derramar,spill,bɨ:h bɨh,,bɨ:h bɨh,bәh bә̂:,bə̂ bəh,bʼә̰h,mbʼәh,bʼә̰h,mbәәh
Derreter,melt,dɛ̃ʔ dɛ̃:ʔ,,,n̰ʔɛ̃̂:,n’ɛ̃̂,,,,
Descascar,peel,,,,ʃĩ̌:mʔ,ʃĩm’ wet manioc banana etc.,cɨ̃̌:mʔ,,cĩmʔ,sĩim’
Descascar 1,peel,kʼɔ̃p  kʼɔ̃b ,,,kʼob,kob,kʼobm,,,
Descascar 2,peel,ʃo:ʃ ʃo̰:j,,ʃɔ̰:j,,,,,,
Dizer,say,nʌ̃ŋ nʌ̃:,,,nã̂:,nã̂,nɔ̃̂:,nᴐh sàw,,
Dormir,sleep,ʔɨ̴:h ʔãh,,ʔã:h,ʔã̂:,ʔã̂,ʔɔ̃h,,ʔɔ̃h,ᴐ̃h
Embrulhar,wrap up,,,cʼәʔ,cʼәʔ,cəʔ,cʼәʔ,,,
Empurrar,push,,,,tû:j,tuj,tɨ̂:j tû:,,tɨj,tɨy
Encontrar,meet,wɨ̰:t wɨ:d,,wɨ:d,wɨ̂:d,wɨ̂d,,,,
Enfiar,thread on a string,ʃɨ:h ʃɨh,,ʃɨ:h,ʃɨg,ʃɨg,cĩŋʔ,,,
Engasgar,choke,ga̰:k,,ga:g,kã̌k,kã̌k,kʔãk,kãk,kʔãk,kãak
Engatinhar,crawl,kʼ a̰:k kʼag,,kʼa:g,kʼã̌:k,,kʼã̰k,,kʼãk,
Escorregar,slip,cʼadup cʼadub,,cʼadub,,,,,,
Escrever,write,hɨ:ʔ hɨʔ,,,,,hɨʔ,hɨ̀ʔ,hɨʔ,hɨ’
Esfregar 1,scour,wu:k wug,,,wug,wug,hĩ:kɨ̃k,,hɨ̃k,hɨ̃k
Esfregar 2,scour,cʼu:k  cʼug ,acu:k,cʼu:g ,cʼǔ:k ,cǔk,,,cʼuk,suuk
Esperar 1,wait,cʼadaʔ cʼada:ʔ,,cʼada:ʔ,dɛʔ,dɛʔ,,,,
Esperar 2,wait,,,,,,jû:,,juʔ,yuh
Espremer mandioca,squeeze manioc 1,jugŋ ju:h,,jugŋ,,,,,,
Espremer mandioca,squeeze manioc 2,kʼawo:ʔ kʼawo̰:ʔ,,,w̰ǒ:ʔ,w’ǒʔ,kʼow̰oʔ,koʼwowʔ,,
Fazer cocegas,tickle,ʃɨ̰:t ʃɨ:d,,,ʃî:d,ʃîd,cicî:dn,sisídn,cicidn,sisidn
Fazer sexo,have sex,,,,ʔãn,ʔãn,ʔãn,an,ʔãn,
Feder,stink,,,,dɔx,dɔx,dʼɔ̰h,,dʼɔ̰h,ndᴐᴐh
Ficar,stay,,,,tû:,,tuh,túh,tuh,tu
Flatulencia,flatulate,du:ʃ duʃ,,cʼɨʃ,tɔʃ,tɔʃ,tɔç,tᴐ́ç,tɔ̂:jʰ,
Flechar,shoot with arrow,,,,kʼḭ̃ɲ,kĩɲ,kʼigŋ,kʼí,kʼigŋ,
Focar,focus?,hʌ̃:j hʌ̃:ɲ,,hã:j̃,hɔ̃̂:j̃,hɔ̃j,,,hãj̃,
Fumar,smoke,ʔahũ:t ʔahũ:d,,ʔahũ:d,ʔũn̰ʔ,ʔũn’,ʔũn̰ʔ,unʔ,ʔũn̰ʔ,ũn’
Inchar,fill,puh pu:h,dapu:h,pu:h,,pux,puhû:,puhú,puh,puhu
Ir,go,hṵ̃:m hãm,ahõbm,hã:m,hã̂:m,hãm,hã̂:m,ham,hãm,hãm
Lamber,lick,dɛ̃:p dɛ̃:b,,nɛ̃:b,n̰ɛ̃p,nɛ̃̌p,nʔɛ̃mʔ,n’ɛm’,,
Lavar,wash,cʼɨ̰:t cʼɨ̰:d,,cʼɨ̰:d,cʼid,cid,cʼidn ,,cʼidn,siidn
Lavrar,sharpen?,ʃәk ʃәg,asәk,ʃәg,ʃәk,ʃək,cәgn,sʼɨgŋ,cәk ,sәk
Mastigar,chew,waʔ ʔawa̰:ʔ,je wa,ʔa wa̰:ʔ,ʔa waʔ,ʔaw’,ʔʔa̰wʔ,yaʼawʔ,,
Mentir,tell lie,,,,tɨ̌:x,tɨ̌x,tɨh,tɨh,,
Mergulhar,submerge,hop hob,,hob,hop,hop,hop,hóp,hop,hop
Pedir 1,ask for,cʼɛ̃:ʔ cʼɛ̰̃:ʔ,,cʼɛ̰̃:h,,,,,,
Pedir 2,ask for,,,,,ʔã̌x,ʔǐ:h,,ʔih,ih
Pendurar 1,hang; suspend,dʌk dʌg,,dʌg,dak,dak,dʼak,,,
Pendurar 2,hang; suspend,,,,kʼaʔ,kaʔ,kʼãʔ,,kʼãʔ,
Pilar,pound with pestle,to:k tog,eto:k,tog,tok,tǒk,tok,tók,tok,tok
Plantar,plant,jo:bm,ejo:bm,jo:bm,jũ̌:m,jũ̌m,jũ̌:m,yum,jũm,yũm
Pular,jump,cʼәk,,cʼәg,cʼәk,cək,cʼә̰k,,cʼә̰k,sәәk
Puxar,pull,hә:k hәg,,kɨg,xәk,xə̌k,kәk,kәk,kәk,kәk
Queimar,burn,hɔ̃h hɔ̃:h,,hɔ̃:h,hɔ̃̂:,hɔ̃̂,hɔ̃̂:,hᴐ̃́,hɔ̃:,hᴐ̃
Querer,want,,,,tuk ,tuk,tuk ,tút,tuk ,tuk
Rachar,split,,,,,,pobm,,pobm,pobm
Ralar,grate,hʌ̃p hʌ̃b,ehʌ̃p,hãb,hɨ̃p,hɨ̃p,hɨ̃p,hɨ̃p,hɨ̃p,hɨ̃p
Rasgar 1,scratch,ʃɛ̃:t ʃɛ̰̃:d,kasẽ:t,ʃɛ̰̃:d,,,,,,
Rasgar 2,scratch,,,,,,cɛ̌̃:wʔ,,cɛ̃w̰ʔ,sɛ̃w’
Raspar 1,scrape,hap,,hab,xɛp,xɛp,hap,,,
Raspar 2,scrape,,,,,,hɛw,,hɛw,hɛw
Remar 1,paddle,ʔahәʔ hә:ʔ,hә:,ʔahәʔ,,,,,,
Remar 2,paddle,,,,xɛ̃̌:ʔ,xɛ̃̌ʔ,hɛ̃j̰̃ʔ,,hɛ̃j̰̃ʔ,hɛ̃y’
Respirar,breathe,,,hãg,hɛg ʃɔʔ,hɛ̃g ʃɔʔ,hãŋ,hãg,hãŋ,hãg
Roçar 2,clear brush/trees,,,,,,bʼɔ̰t,,bʼɔ̰t,
Roncar,snore,hṵ̃:k hṵ̃:g,,hɔ̃:g,xɔ̃̌:k,xɔ̃̌k,hũ̌:k,,hũk,tũhuk
Roubar,steal,cʼә̰:k cʼә:g,ecʼә:k,cʼә̰:kŋ,cʼә̌:k,cə̌k,cʼḛk,,cʼḛj,sʼek
Saudade,miss (someone; something),kʼʌ:bm,,kʼa:bm,,,,,,
Secar 1,dry,,,,xɔp ,xɔ̌p,hɔp,,hɔp,
Secar 2,dry,wo:ɟ wo:j,hawo:ɟɲ,wo:j,,,,,,
Segurar,hold,tɔdn,,,tɔddn,tɔdn,,,­,
Sentar,sit,,,,pɛ̂:bbm,pɛ̂bm,pɛ̃m,pɛ́m,pɛ̃m,pɛ̃m
Soluçar,hiccup,,,,,,ʃәbʼә̰k,sәbәk,bʼә̰k,mbәәk
Soprar 1,blow,hu:h,,,xǔ:ʔ,,,,,
Soprar 2,cast spell,wɔh,,,wɔh,wɔh,,,,
Soprar 3,blow,pahu:ɟɲ pahu:j,pahu:ɟɲ,pahu:j,    hũ̌:t,hũ̌t,pũhũ̌:t,,pũhũt,pũhut
Soprar com,shoot with blowgun zarabatana,ʔeʃo:bm ʔeʃo:w,eso:bm,,ʃɔw,ʃɔw,cɔw,sᴐ́w,cɔw,sᴐw’
Subir (beira-rio),ascend,ʃɔp ʃɔb,,ʃɔp,ʃɔ̌:p,ʃɔ̌p,cɔp,sᴐ́p,cɔp,sᴐp
Subir rio,go upriver,,,,pɛ̂:,pɛ̂,pɛ̂:,pɛ́,pɛ,pɛ
Tecar (??),shoot with slingshot,,,,wɔ̃p,wɔ̃̌p,w̰ʔɔ̃p,,,
Temer,fear,ʔɨ̃:m ʔʌ̃m,eɨ̃ɨ̃m,ʔɨ̃:m,ʔã̂:m,ʔã̂m,ʔɔ̃m,ᴐ́m,ʔɔ̃m,ᴐ̃m
Ter 1,be; exist,nʌ̃h nʌ̃:,,nã:,,,,,,
Ter 2,be; exist,,,,nĩ̂:,nĩ̂,nĩ̂:,,nĩ,ni
Ter Gordura,be greasy; fat,ʃɨdn,,ʃɨdn,,,,,,
Tinguijar,fish with timbo poison,tә:dn,,,teddn,tedn,tәdn,tә́dn,tәdn,tәdn
Tirar,take,do:ʔ doʔ,,,dǒ:ʔ,dǒʔ,dʼo̰ʔ,ndʼoʔ,dʼo̰ʔ,ndo’
Torrar 1,toast,,,,xɛ̃̂:n,xɛ̃̂n,kɛ̃̂:n,,,
Torrar 2,toast,ʃɔ̃:ɲ ʃɔ̃:j,,ʃɔ̃:j,,,,,,
Urinar 1,urinate,,,,ʃiʔ,ʃǐʔ,ciʔ,,ciʔ,si’
Urinar 2,urinate,kʼʌ:ʃ,,kʼʌ:ʃ,,,,,,
Varrer,sweep,,,ha:p ha:b,xɛ̌:p,xɛ̌p,hεp,,hεb,
Vir,come,,,,nɛ̃d,nɛ̃̂d,nɛ̃n,nɛ́n,nɛ̃n,nɛdn
Voltar 1,return,jә:h jәh,,,jә̂:,jə̂,jê:,,,
Voltar 2,return,ba:ɟɲ baj,,,bɛj,bɛ̂j jə̂,bʼa̰j,,bʼa̰j,mbaay
Etnia Tukano,River Indian,,,,wɔ̌:h,wɔ̌h,wɔ̌:h,wᴐ̀h,wɔ̌:h,wᴐ́h
Gente 1,people,nãdәb,nadәb,nɨdәb,dәw,dəw,,,,
Gente 2,people,jihub,,juhub,xup,dəwxup,hup,,juhup,
Heroi mitico,mythical hero,,,,kʼɨ̃̂:ɲ̰,kɨ̃̌ɲ,kʼɨ̃̂:ɲ̰,,kʼɨ̃̂:ɲ̰,
Homem 2,man,mãɾahud,,mãɾahud,xut,xut,,,,
Menino,boy,ta̰:h ta:h,,ta̰:h,tɛ̂:,tɛ̂,tɛ̃h,tɛ̃́h,tɛ̃̂:h,tɛ̃́h
Moça 1,adolescent girl,,,,ʔãjãʃǎ:w,ʃâw,tãʔãʃǎ:w,,tɨ̃hĩhcǎ:w,
Moça 2,adolescent girl,mãɾu:ʃ,,mãɾu:ɟ,,,,,,
Mulher,woman,ʔɨ̃:ɲ ʔɨ̃:j̃,,ʔɨ̃:ɲ,ʔã̂:j̃,ʔã̂j,ʔãj̃,,ʔã̂:j̃,
Paje,shaman,ʃә:w,sә:w,ʃә:w,ʃә̂:w,ʃəw,cә̂:w,sә́w,cә̂:w,sә́w
Velho,old man,hәdna̰:ʔ,wahʼ?:,wah,hә̌ddn,xuthədn xutwâ xutwǎh,wәhә̌dn,wәhә́dn,wah,
Amidala,tonsil; lymph node,kʼa:w,,,kʼɛ̃:w,,kakʼǎ:w kakʼaw,,,
Barba,beard,,,,wɛ̃w̃ʔ,ʃugwɛ̃w’,wɛ̃̌:mʔ,,,
Barriga 1,stomach,,,,tɔʔ,tɔʔ,toʔ tǐbm,,,
Barriga 2,stomach,wog,wog,wog,wɔ̌:k,,,,,
Bigode,moustache,nɔ̃ ʃu:g,,nɔ̃ ʃu:g,nɔ̃ ʃu:g  ,nɔ̃h ʃug,nɔ̃ ʃu:gŋ,nᴐh súgŋ,,
Boca,mouth,nɔ̃:h,no:h,nɔ̃:h,nɔ̃h,nɔ̃h,nɔ̃h kʼǒ̰:dn,,nɔ̃h kʼo̰dn,nᴐh koódn
Bochecha,cheek,mãwo̰:h,,wɔ:h nẽmõwo̰:h,wɔ̂:,wɔ̂,ndɔwɔ̌:h,,nãwɔ̌:h,nᴐwwᴐ́h
Braço,arm,mõ:h,mo:h,mõ:h,,mĩnɔ̃h,mɔ̃mũ̌:j̃,,,
Cabeça,head,nũ:h,nu:h,nũ:h,nũh,nũh,nũh,núh,nũ̌:h,nuh
Cabelo,hair,,,,pǎ:t pat,pat,pǎ̃:t,pã̀,pǎ̃:t,pãt
Carne,meat,dab,dab,dab,dɛp,dɛp,dʼa̰p,,dʼǎ̰:p,ndaap
Corpo,body,hub,,hub,xub,xup,hub ʃap,,,
Costas 1,spine,,,,tǐ:ʃ,tǐʃ,tǐ:ç,,,
Costas 2,back,jijɔʔ,,nẽjɔʔ,,,,,,
Costela 1,rib,,,,xoʔ,xǒʔ,hohoʔ,,hohoʔ,hohó’
Costela 2,rib,kaɾapaʔ,,kaɾapaʔ,,,,,,
Cotovelo,elbow,ʃug,,ʃug,ʃǒ:ggŋ,ʃɔ̌gŋ,,,jojogŋ,yoyóg
Fezes,feces,ja̰:ʔ,jʼa:,ja̰:h,jɛ̌:ʔ,jɛ̌ʔ,jɛ̌:ʔ,yʼɛ̀ʔ,jɛ̌:ʔ,yɛ́’
Figado,liver,ho:h,ho:h,ho:h,,,hɔ̂:,hᴐ́,hɔ̂:h,hᴐ
Genitalia,genitals,bo̰:j,,bɔ̰:j,bɔ̂:j,bôj,bʼɔ̌:j,,,
Intestino,intestines,,,,jɛʔpĩ̂:n,jɛ̌ʔpĩ̂n,pĩ̌:n,,,
Joelho 1,knee,,,,wɔ̃dɛ̃h,wãndɛh,wɔ̃nʔɛ̃̂:,,,
Joelho 2,knee,taɾodnũ:h,,kaɾonũ:h,,,,,cʼәgn̰ṵ̃̌:h,
Lingua,tongue,nãkʼa̰:d,nagʼa:d,nãkʼa̰:d,nɔ̃hkʼɛd,nɔ̃hkɛ̂d,nɔ̃hkʼɛ̰̌:dn,nᴐhk’èdn,nɔ̃hkʼɛ̌̂:dn,
Mão,hand,mɔ̃:h,mo:h,nɛ̃mɔ̃:h,mĩnɔ̃h,,nɛ̃pũh,,pɔ̃̂:h,pᴐ̃h
Mão direita,right hand,tahub,,nẽmɔ̃hub,xup,ʃôbxup,mũhǔ:p,,,
Mao esquerda,left hand,ʃɨ̰̃:ʔ,sʼɨ̃ɨ̃,ʃã̰:h,ʃã̌h,ʃôbʃã̌h,cɔ̌̃h,sᴐ̃̀h,cẫh,
Nariz,nose,,,,tô:ɟ,tɔ̂ɟ,tǒ:ɟɲ,,tô:ɟɲ,
Orelha,ear,nabu:j,nabu:j,nabu:j,,xũ̂j,bʼɔ̰ ɾɔk,,bʼṵj ɾɔk,mbuy ɾᴐk
Osso 1,bone,,,,kʼɛ̂:g,kɛ̂g,kʼɛ̰̌:gŋ,,,
Osso 2,bone,kɨ̰:ʔ,kʼ?:,kә̰:h,,,,kʼɛ̀gŋ,kә̂:ʔ,kә́’
Peito,chest,,,,,,hɔ̃ʔtә̂:gŋ,hũʔ,hɔ̃ʔtә̌:gŋ,hᴐ̃tәg
Pomo-de-adão,adam’s apple,,,,ʔɔ̃ŋʔ,ʔɔ̃̌ŋ’,ʔɔ̃ŋʔ,,,
Pubis,pubic hair,ʃә:dn,sә:dn,ʃә:dn,ʃaddn,câdn,cãn,sán,cã̌:n,sãn
Pulmão,lung,ʃapu:w,sapu:w,ʃapu:w,,,pupuh,,pupû:h,pupúh
Queixo,chin,ba̰:h,,ba̰:h,báx,təgbǎx,,,,
Saliva 1,saliva,cʼɔʃ,,cʼɔʃ,cʼɔʃ, cɔ̌ʃ,,,cʼɔjh,
Saliva 2,saliva,,,,,,nɔ̃hʃǎ:w,,nɔ̃hcǎ:w,nᴐhsáw
Seio,breast,,,,pû:ddn,pûdn,pû:dn,pùdn,pû:dn,púdn
Sobrancelha 1,eyebrow,kʼә:dn,,kʼɨ:dn,,,,,,
Testa,forehead,mãboɾə,,mãbuɾə,,,,,,
Umbigo,navel,,,,pǔ:ʃ,pǔʃ,pǔ:ç,pùç,popû:jʰ,
Unha,fingernail,pɔ̃hbɔg,,,bɔk,ʃɔbbɔk,bʼɔk,,pɔ̃hbʼɔ̰k mɔ̃hbʼɔ̰k,
Abelha (generico),bee,hǐ:h,,hǐ:h,hĩh,,,,hĩ̌:h,
Aranha 1,spider,ʃãnãjo:ʔ,sanajo:h sanajo:,ʃãnẽjo:h,jɔ̌:ʔ,jɔʔ,mbɔjɔʔ,,jɔ̌:ʔ,yᴐ’
Aranha 2,spider,,,,ʃũ̌:h,ʃũ̌h,cũ̌:h,,cũ̌:h,sũh
Barata 1,cockroach,,,,ndǎ:p,ndǎp,ndaɾap,ndadáp,ndahndǎ:p,ndadáp
Barata 2,cockroach,kabataɾə,kamaɾa CHECK,kamãtaɾə,,,,,,
bicho-do-pé,Chigoe flea (Tunda penetrans),dɛdn,dɛdn,dɛdn,dɛddn,dɛdn,nʔǎ̃n,nʼán,nʔǎ̃n,naadn
Borboleta (generico),butterfly,,,,mbɛbbm,mbɛbm,bʼḛbʼḛp,,bebep,
Borboleta,morpho butterfly (Morpho sp.),,,,xowʔ,mbɛmxow’,kɔɾɔhɔ̌:gŋ,kᴐɾᴐhᴐ̀gŋ,hɔgŋ,hᴐg
Caba (generico),wasp,mãʔjuʔ,,,jʔɔ̌:ʔ,j’ɔ̌ʔ,jɔ̌:ʔ,yᴐ̀ʔ,jɔ̌:ʔ,yᴐ́’
Caba 1 (sp.),wasp sp.,ʔatɨ:d,atә:d,ʔatɨ:d,,,,,,
Caba 2 (sp.),wasp sp.,mũ:k,,mũ:kŋ,mũ̃̂:,mũ̂,mũ̃̂:,mú,mũ̌:h,muh
Carrapato 1,tick,,,,ʃě:bbm,ʃɛ̂bm,cě:bm,tahsèbm,cê:bm,
Carrapato 2,tick,kʼawaɾɨ̰:b,gawaɾʼ?:b,kʼɨɾɨ̰:b,,,,,,
Centopeia,centopede,ʃʌ:j,sә:j,,ʃâ:j,,cǎ:j,sày,,
Cupim,termite,,,,buʔ,buʔ ʔɔ̃̂w,bʼṵʔ,mbʼúʔ,bʼṵʔ,mbuu’
Escorpiao,scorpion,ʃʌ:j,sә:j,ʃaj,ʃaj,ʃâj,,,caj,
Formiga 1 (sp.),ant sp.,,,,mbob,,bobobm,,,
Formiga 2 (sp.),ant sp.,kaɾaʔwaʔ,kaɾewa,kaɾaʔwɛ̃t,xawʔ,xaw’,,,,
Formiga-correiçao 1,army ant sp. (sp.),kako:ʃ,,kuku:ʃ,xoʃ,xoʃ,koç,kóç,kô:jʰ,
Formiga-correiçao 2,army ant sp. (sp.),ʃɨ̰̃:w,sʼɨ̃ɨ̃w,ʃã̰:w,ʃã̂:w,ʃã̂w,cǎ:w,sàw,câ:w,
Formiga-sauva 1,sauva ant (sp.) (comestivel),,,,hǔ:d,hǔd,hǔ:dn,hùdn,hǔ:dn,húdn
Formiga-sauva 2,sauva ant (sp.) (comestivel),wәg,,wәg,wәk,wək,wәk,wә́k,wәk wә̌:gʔ,
Grilo 1,cricket,,,,ʃǔ:c,ʃuc,cǔ̃:cʔ,,cũ̌:ɟʔ,
Grilo 2,cricket,,,,dǐ:t,,,,dî:dʔ,
Larvas,larva; caterpillar,,,,,,pɔpɔ̌:p,,pɔ̂:p,pᴐp
Mel,honey,,,,nɛ̃̂:g,nɛ̃̂g,nɛ̃̌:ŋ,,nɛ̃̌:ŋ,nɛ́g
Mosca,fly,,,,cʼɔ̰p,cɔp,cʼɔ̰p,,cʼɔ̰p,
Mutuca,horsefly,bugŋ,,buk,bux,bux,bʼṵh,mbʼúh,bʼṵh,mbuuh
Piolho,louse,nã:m,na:bm,nã:m,nɛ̃̂:m,nɛ̃̂m,nɛ̃̌:m,nɛ̀m,nɛ̃̂:m,nɛ́bm
Pium,blackfly,,,hṵ:gŋ,hǒ:h,hǒh,huʔ,húʔ,huʔ,hu’
Tocandira,bullet ant (Paraponera clavata),wɨ:w,wɨ:w,wɨ:w,wɨ̂:w,wɨ̂w,wǐ:w,wìw,wî:w,wíw
Vaga-lume,firefly,hu:j,,hu:j,xǔ:j,xǔj,huhǔ:j,,huhû:j,huhúy
Acima 1,above,,,tajɔ,,,hijoʔ,,,
Acima 2,above,sakut,,sukut,xô:d,,,,hǒ:dn,
Dentro,inside,ʃu:dn,su:dn,ʃu:dn,,,,,,
Embaixo,under,ʔɨ:t ʔɨt,ɨt hẽ,ʔɨt,,,,,,
Fundo 1,deep,,,,,,wã̂:n,,wã̂:n,wãn
Fundo 2,deep,tɔ̰̃p,,tɔ̰̃p,,,,,,
Longe 1,far,,,,hɔ̃̌t,hɔ̃t,hɔt,,hɔt,hᴐt
Rio acima,upriver,takʼa:d,,takʼa:d,,xôd,,,,
Aldeia,village,,,,jɛ̃m,,hããm,hãyám,jã̌:m,yãm
Caatinga,caatinga (area of sandy soil),wә̰:g,,wә̰:g,wә̰̌:k,wə̌k,,,wә̰̂:g,
Capoeira,overgrown fields,kʼәwpa:h,,kʼәpa:h,ʔwah,w’ǎh,,,,
Cerca 1,fence,,,,ʃâ:d,ʃâd,hiʃǎ:dn,,,
Cerca 2,fence,ʃu:j,,ʃu:j,,,,,,
Cerrado (ervas),overgrown,tagawә:ɟ,,,wʔeɟ,w’eɲ’,,,,
Roca 1,garden,kʼә:w,,kʼә:w,kʼâ:w,kâw,,,,
Roca 2,garden,,,,,,bʼɔ̰̌:t,,bʼɔ̰̌:t,mbᴐᴐ́t
Arco-iris,rainbow,sapahɔ̃d,,mɔ̃hɔ̃d,,,,,,
Areia 1,sand,ho:d,ho:d,hu:d,,,,,,
Areia 2,sand,,,,,,wɛgŋjǒ:h,,wê:gŋ,
Ceu 1,sky,,wәpuh,poh,pɔx,pɔx,poh,,poh,
Chuva,rain,do:ʃ doɟ,ado:s,du:ʃ,doɟ,dɔɟ,dʼo̰ɟɲ,,dʼo̰jɟɲ,
Estrela,star,,,,m̰ʔɛ̃̌:h,m’ɛ̃̌h,weɾom̰ʔɛ̰̃h,,weɾom̰ʔɛ̃̌:h,
Lago,lake,mɔ̃:h,,,m̰ɔ̃h,mɔ̃̂,mɔ̃h,mᴐ́h,mɔ̃̌:h,mᴐh
Neblina,fog,cʼɨ:g,acɨg,cʼɨ:g,,,cʼɨ̰̌:k,,cʼɨ̰̌:k,sɨɨ́k
Pedra 1,stone; hill,,,,pǎ:ʃ,pǎʃ,pǎ:ç,,pâ:jʰ,
Pedra 2,stone; hill,pʌʔ,pʌ,pʌʔ,,,,,,
Rio,river,tãmi:̃h,tami:h,tãmĩ:h,mĩʔ,,ndehmĩh,ndehmí,mĩ̌:h,mi
Sol 1,sun,,,,xɔ tɨbbm,xɨ tɨ̂bm xo tɨ̂bm,wɛɾɔ̂:,,wɛɾhɔ̂:h,wɛɾhᴐ
Sol 2,sun,papɨ̃:j,papɨ̃ɨ̃j,papã:j,,,,,,
Solo,ground,tũ:ʔ,,tũ:ʔ,tû:,tû,tû:,tù,tǔ:h,túh
Terra,earth; land,cʼʌgŋ,cʌgŋ,cʼʌkŋ,cʼax,cax,cʼa̰h,,cʼah,saah
Trovao 1,thunder; lightning,,,,pɛ̃j,pɛ̃j,pɛ̃j,,pɛ̃j,pɛ̃y
Trovao 2,thunder; lightning,daɾugŋ,daɾugŋ,nãɾukŋ,,,,,,
Vento,wind,baʔṵd,,ho:d,hǒ:t,hǒt,bohǒ:t,mbúdn,wohô:t,wohót
Avô,grandfather,ʔo:w,o:w,ʔɔ:w,,,ʔuw,,ʔǔ:w ah,
Cunhado,affine,jo̰:h,jʼo:h,jɔ̰:h,jɔ̂:,yɔ̂,ʔajɔ̌:h,,jɔ̂:h,yᴐ́h
Esposa,wife,ʔɨ̃:m ʔʌ̃m,ɨ̃ɨ̃m,ʔɨ̃̃:m,ʔã̂:m,ʔã̂m,,,,
Filha,daughter,to:g,to:g,tu:g,tôg,tôg,tôg,tógŋ,tôg,tóg
Irma,sister,ʔãɲ,ʌ̃ɲ,ʔãj̃,wәʔãj̃,wɔhʔã̂j,,,,
Mãe,mother,ʔɨ̃:n,ɨ̃ɨ̃n,ʔaʔɨ̃n,,,ʔĩ̌:n,,,
Marido,husband,patug,patug,tapatug,tug,tug,,,,
Pai 2,father,ʔe:ʔ,e:,ʔe:ʔ,ʔɛh,ʔɛh,ʔɛ̌:h,,,
Tio (materno),uncle (mother’s brother),kʼɔd kʼad,gᴐd,kʼɔd,kʼɔ̰t,kɔt,kʼɔ̰t,,kʼɔ̰ʔ,kᴐᴐt
Peixe (generico),fish,hɨ̰̃:b,tahʼɨ̃ɨ̃b,hã̴̰:b,hǎ̃:p,hã̌p,hɔ̃̌:p,hә́bm,hɔ̃̂:p,hᴐ̃p
Acará (sp.),acará fish (Familia dos ciclideos),dobm,,dobm,dobbm,dobm,dʼo̰bm,ndʼóbm,dʼo̰bm,ndoobm
Aracu (sp.),aracu fish (familia dos anostomideos),,,,xɔt,xɔt,pɔhɔt,pᴐhᴐ́t,wɔhɔt,wᴐhᴐt
Arraia,stingray (Potamotrygon sp.),cʼa̰:h,cʼa:,cʼɛ̰̌:ʔ,cʼɛ̰̌:ʔ,cɛ̌ʔ,cʼɛ̰̌:ʔ,sʼɛ̀ʔ,cʼɛ̰̌:ʔ,sɛɛ́’
jeju (sp.),fish sp. (Erythrinus sp.),dɔg,,,dɔk,dɔk,dʼɔ̰k,,dʼɔ̰k,ndᴐᴐk
Muçum,swamp eel (Synbranchus marmoratus),,,cʼog,cʼog,cog,,,,
Peixe-boi,Amazonian manatee (Trichechus inunguis),jaɟ,wajac,ja̰:ɟ,jâ:c,jâc,,,,
Piaba (sp.),fish (esp. minnows),,,,jô̰:g,j’ôg,jǒ:gŋ,yo,jǒ:gŋ,yoog
Poraque,electric eel (Electrophorus electricus),cʼabud,cabud,cʼabud,but,but,cʼubʼṵt,suʼbút,bʼṵt,mbuut
Surubim,barred sorubim (Pseudoplatystoma fasciatus),,,,pɔ̌:j,pɔ̌j,pɔ̌:j,,pɔ̌:j,
Tambuata,brown hoplo (catfish) (Hoplosternum littorale),,,,ʔɔ̌̃:ʔ,ʔɔ̃̌ʔ,ʔɔ̌:ʔ,ᴐ̀ʔ,ʔɔ̌:ʔ,
Traira,trahira fish (Hoplias sp.),bo:j,bo:j,,bô:j,bôj,bʼǒ̰:j,mbʼòy,bʼô̰:j,mboóy
Escama,scale,pʌd ,,pʌd ,pec,pec,pec,pés,pě:ɟ,
Isca,bait,nɨ̃:ʔ,,nɨ̃:ʔ,nĩ̌:ʔ,nĩʔ,nɨ̃̌:w̰ʔ,,nɨ̃̌:wʔ,
Piolho-de-peixe,fish lice,jɛɟ,,,jɛ̂:,jɛ̂,,,,
1sg Eu,1sg,ʔɨ̃h,ɨ̃ɨ̃h,ʔɨ̃h,ʔãh,ʔãh,ʔãh,ã́h,ʔãh,
2sg Voce,2sg,ʔɔ̃m,õm,ʔɔ̃m,ʔãm,ʔãm,ʔãm,ám,ʔã̌m,
3sg Ele,3sg,,ta,,tih,tih,tɨh,tɨh,tɨh,tɨh
2pl Voces,2pl,,,,nɨ̃g,ndɨg,nɨ̃ŋ,nɨ́gŋ,nɨ̃̌:ŋ,nɨg
3pl Eles,3pl,,,,hid,hid,hɨdn,hɨ́dn,hɨ̃̌:n,
Como (inter.),how,,,,hĩn ĩʔ,hĩn’,hĩnʔ,,,
Não 1,no,do:h,do:h,du:h,dǒ̃h,?,nɨ̃h,,nãh,
Não 2,no,mã:ʔ,,,mɛ̃h,mɛ̃h,pã̌:,,,
Reportativo,reported evidential,mɨ̃h,,,mãh,mãh,mãh,mah,,
Amargo,bitter,cʼʌgŋ cʼә:h,,cʼʌgŋ,cʼâ:,câ,cʼâ̰:,cʼa,cʼâ̰:,saa
Azedo 1,sour,mãcʼigŋ mãcʼi:h,,mãcʼigŋ,cʼî:,ʃɨ̂w,,,,
Azedo 2,sour,,,,,cî,kʼĩ̂:,,kʼḭ̌j,kii
Bom,good,nɨ̃:w̃,,nã:w̃,,jɛ̃̂w,nã̌:w̃,náw,nã̌:w̃,naw
Bravo,fierce,,,,tә̂:w,təw,tә̂:w,tә́w,tә̂:w,tәw
Catinga; fedor,stink,,,,mbuddn,mbudn,mbudn,,,
Comprido 2,long,ɾɔbm ɾɔw,,,jɔw jɔbbm,jɔbm,,,,
Cozido,cooked,tә:d,,tә:d,,,,,,
Doce,sweet,kʼә:h kʼә̰:h,eg?:h,kʼә̰:h,kʼәh,kəh,kʼә̰h,kʼә́h,kʼә̰h,kәәh
Duro,hard,ʔabagŋ ʔiba:h,,ʔabagŋ ʔabah,bɛʔ,bɛʔ,tabʼa̰ʔ,tabʼàʔ,tabʼa̰ʔ,tabaa’
Enrolado (fios),rolled up,,,,ndew̰ʔ,n’ɛ̃w’,ndew,ndéw,,
Fino,thin,ʃa̰:p ʃa:b,sawasa:b,,ʃә̌:p,ʃə̌p,cә̌:p,sәsә̀w,cә̂:p,
Forte,strong,jo:ɟɲ jo:j,,jo:j,,,,,,
Fraco 1,weak,,,,wɛ̌:j wɛj,wɛ̌j,wɛ̌:j wɛj,,wɛ̌:j wɛj,wɛy
Frio 1,cold,,,,,,tut,,tǔ:t,tut
Frio 2,cold,hә:bm hә:w,hahә:bm,hә:bm,,,,,,
Grande,big,pogŋ,,bog,ndәxpog,peg pôg,pogŋ,póh,pogŋ,póg
Grosso,thick,,,,,,kәʔ,kʼãʔ,kәʔ,kә’
Mole,soft,,,,jû:d,jûd,,,jû:dn,
Pequeno,small,,is,,piʃ,piʃ,,, is,
Quente 1,hot,,,,kʼɨ̰̂:,kɨ̌ʔ,kʼɨ̰̂,,,
Quente 2,hot,juʔ,baju,juʔ,juʔ,jǔʔ,,,,
Redondo,round,kʼaɾaɾebm kʼaɾaɾew,,kʼanãɾebm,lebbm ndebbm,lebm ndebm,ndeɾebm,ndeɾébm,debm,
Reto,straight,,,,jɔ̂:w,jɔw,jɔ̂:w,yú,jɔ̂:w,
Seco,dry,,,,,xɔp,hә̂:bm,,hә̂:bm,hәbm
Seco (arvore),dry (tree),to:h tɔgŋ,bʼa:to:h,to:h,tɔ̂:,tɔ̌h,tɔ,tᴐ́,tɔ̂:,tᴐ
Verdadeiro,true,,,,xup,xǔp,,,hub,
Vivo,alive,,,,ʔɨb,ʔɨb,ʔɨb,ɨbʼ,,
Dois,two,,,tɨbm wɔp,tɨ̌:bbm,tɨ̌bm,,,,
Feixe 1,bundle,,,,kʼok,kǔk,kʼuk,,,
Feixe 2 (de fios),bundle (of strings),,,,mbɔ̂:g,mbɔ̂g,bɔ̂:gŋ,,,
Metade,half,,,,tǔ:t,tǔt,,,mĩhtû:t,mihtut
Par; companheiro,pair; companion; twin ; gemeo,mãb,,,mã:bmʔ,mbǎm’,mbǎ:bmʔ,mbábʼ,,
Pedaco,piece,bʌh,,,bǎ:x,bǎx,bʼa̰h,mbʼah,,
Plural 1,plural,poʔwɔp tamãʔwob,,tɨbmwɔp poʔwɔb,,,,,,
Plural 2,plural,,,,hawap mbutwap,hawap,aʔap haʔap,,,
Jabuti 1,tortoise (yellow-footed) (Geochelone denticulata),,,,mĩ̌:ʃ,mĩ̌ʃ,mĩ̌:h,mìh,mĩ̂:jh,míh
Jabuti 2,tortoise (yellow-footed) (Geochelone denticulata),mãtug,matug,mãtug,,,,,,
Calango (sp.),small lizard,,,,,,ʔɔw,ᴐ́w,ʔɔw,ᴐw
Jacare (generico),caiman,,,,xɛ̌:t,xɛ̌t,hǎ:t,hàt,hâ:t,hát
Jararaca 1,pit viper (Bothrops sp.),bʌ:w,,bʌ:w,bâ:w,bâw,bʼâ̰:w,,bʼǎ̰:w,mbaaw
Jararaca 2,pit viper (Bothrops sp.),kʼatɨ̃:j̃,gatɨ̃ɨ̃j,,tәghĩ̂:,təghĩ̂,tɨ̃hɨ̃̂:j̃,tɨ̃hɨ̃́y,tɨ̃hɨ̃̌:j̃,tɨ̃hɨy
Lagarto (sp.),lizard,cʼabu:ɟ,,cʼabu:ɟ,,,,,,
Surucucu,South American bushmaster (snake) (Lachesis muta),ha:k,,ha:kŋ,xɛ̂:g,xɛ̂g,hɛ̌:gŋ,hɛ̀gŋ,hɛ̂:gŋ,hɛ́g
Tamacuaré (sp.),diving lizard (Uranoscodon superciliosus),,,,ʃәʔwәbbm,?,cәw̰ʔәbm,,w̰ʔә̌:bm,wәәbm
Agora,now,,,,tê:ddn,têdn,tɛ̌̃:n,tɛn,,
Ainda,still,,,,tɛ̂:,těh,tɛ̂:,tɛ́,,
Dia 1,day,hewag,,muwagŋ,,,wagŋ,,wagŋ,
Dia 2,day,ʔadәb,adәb,ʔadɨb,,,,,,
Ontem,yesterday,cʼɛbm,cɛbm hẽ,cʼɛbm,cʼɛ̌:bbm,cɛ̌bm,cʼã̰̂:m,sím’,cʼã̰̌:m,sãam
Tarde,late,tũ:h,tug,tũh,duʔ,duʔ,dʼṵʔʔ,ndʼúʔ,,
Anzol,fishhook,koɾã:j,koɾããj/kaɾããj CHECK,koɾã:j,lǎ:jʔ,lǎj’,,,ndâ:jʔ,ndáy’
Arco 1,bow,kaɾabaʔ,kaɾaba,kaɾabaʔ,,,,,,
Arco 2,bow,,,,kʼḭ̃ɲ,kĩɲ,kʼḭgbah,,kʼḭgŋwah,
Bagagem,baggage,,,,kaʃpãj̃,kaʃpaj,paj,páy,,
Canoa,canoe,ho̰:h,hʼo:h,hɔ̰:h,xɔ̂:,xɔ̂,hɔ̌:h,,hɔ̂:h,hᴐ́h
Casa 1; buraco,house; hole,mɨ̃:j̃,,mɨ̃:j̃,mã̂:j̃,mã̂j,mǒ̃:j̃,,mõ̂:j̃,
Casa 2,house,tɔb,tᴐb,tɔb,tɔp,tɔp,tɔp,,,
Cesto 1,basket (disposable),,,,ʃeʔmãc,mãc,mãɲ cɛʔ,,cɛʔ mã̌:ɲ,
Cesto 2,basket; aturá,,,bɨ:j,bәj,bəj,,,,
Colar,necklace; bead,mãjo:ɾ,majo:ɾ,mãjo:ɾ,,,,,,
Coisa,things,,,,hɛ̃̌:h,,hɛ̃̌:h,hɛ́w,hɛ̃̌:h,hɛ̃́h
Cuia 1,gourd dipper,,,,bɔʔ,bɔʔ,bʼɔ̰̌:ʔ,,bʼɔ̰ʔ,mbᴐᴐ́’
Cuia 2,gourd dipper,ʔәk,әk,ʔәk,,,,,,
Escopeta,shotgun,tәg,tәg,tɨg,,,tegŋ,tègŋ,tegŋ,teg
Espelho 1,mirror,,,,wә̂:k,hũjwə̌k,mɔ̃jwә̂k,,jә̂:k,
Espelho 2,mirror,japow,,jehpow,,,,,,
Facão,machete,,,,wã̂:n,wã̂n,wã̌:n,wàn,wã̌:n,
Flauta,flute,,,,,,pĩ̌:h,nɨ́h,pĩ̌:h,pĩ́h
Gancho,hook,kә:ʔ,,kʼa̰:h,kʼɛ̌:ʔ,kɔ̂,,,,
Jirau,shelf; smoking grid,,,,wab,wab,wabm,wәgŋ,wǎ:bm,wabm
Machado,axe,mɨ̃:m,mɨ̃ɨ̃m,mɨ̃:m,mã̂:m,mã̂m,mɔ̃̂:m,mᴐ̀m,mɔ̃̂:m,mᴐ́bm
Panela 1,pot,,,,bɔk,bɔk,bʼɔ̰k,,bʼɔ̰k,mbᴐᴐk
Panela 2,pot,ʃaɾe:j,saɾe:j,ʃeɾe:j,,,,,,
Peconha,circle,põ̰:d,,po̰:d,pɔ̌:t,pɔ̌t,pɔ̌:t,pᴐ̀t,pɔ̂:t,pᴐ́t
Pente,comb,pәʃ,,,pә̌:ʃ,pə̌ʃ,pә̌:ç,pә̀ç,pә̌:jh,
Porta,door,tɔbnɔ̃:h,,nɔ̃:h,tɔpjɔ̃h,jɔ̃h,mɔ̃jɔ̃̌:h,mú,,
Ralo,grater,,,hãb,hɨ̌̃:p,hɨ̃̌p,hɨ̌̃:p,hɨ̃p,hɨ̌̃:p,hɨ̃́p
Rede,hammock,jag,jag,jag,jɛg,jɛg,dʲagŋ,yàgŋ,jagŋ,yag
Roupa,clothes,,,,jû:ddn,jûdn,jǔ:dn,yùdn,jû:dn,yúdn
Tesoura,scissors,,,,hɛ̂:j̰ʔ,hɛ̌j’,hɛ̌hɛ̌:j̰ʔ,,hɛ̂:j̰ʔ,hɛy’
Zarabatana 1,blowgun,,,,bǎ:k,bǎk,cabʼǎ̰:k,,bʼǎ̰:k,mbaák
Zarabatana 2,blowgun,ʃo̰:w,sʼo:w,ʃo̰:w,,,,,,
Arvore (generico),tree (generic),bʌ̰:h,bʼa:h,ba̰:h,bɛ̂:,bɛ̂,,,,
Algodão 1 (sp.),cotton (kapok),kawad,kawad pu:w,kawad,,,,,,
Algodao 2 (sp.),cotton (kapok),ʃawɨk,sawɨk,ʃɨwɨkŋ,wuk,wuk,cuwǔ:k,,wû:k,wúk
Cipó (generico),cipó vine,ju:bm,ju:bm,,jubbm,jubm,jubm,yúbm,jǔ:bm,yubm
Cipó-de-imbe,cipó sp. (Philodendron imbé),,,,ʔwәk,w’ə̌k,wě:k,,wê:k,wék
Cipó (sp.),cipó sp.,ʃaɾo:p,saɾo:p,ʃoɾo:p,,,,wɛɾᴐ́,,
Coca,coca (Erythroxylum coca),batoʔ,bato,,tuʔ,tuʔ,,,,
Embauba 1,embauba (tree) (Cecropia sp.),cʼakod,,cʼakod,,,,,,
Embauba 2,embauba (tree) (Cecropia sp.),bo:h,,,bô:,bô,bʼɔ̂:̰h,mbʼòh,bʼɔ̂:̰h,
Embira 1,embira (tree w/ cloth-like bark) (familia das anonaceas),ʃɨ̰:b,sʼɨ:b,ʃɨ̰:b,ʃɨ̰:p,ʃɨ̌p,,,ʃɨ̰:p,sɨɨp
Embira 2,embira (tree w/ cloth-like bark) (familia das anonaceas),,,,,,cɛ̂:,sɛ́,cɛ̌:h,sɛɛ
Escorrega-macaco,purpleheart (tree) (Peltogyne paniculata),pә:w,,pә:w,bә̂:w,bə̂w,bʼә̰̂:w,,bʼә̰̂:w,mb’ә̀w
Sorva,cow tree (Couma sp.),wabә:h,,,bә̌:h,bə̌h,bʼә̌:h,,bʼә̌:h,
Tabaco,tobacco (Nicotiana tabacum),hũ:t,hũ:t,hũ:t,hũ̌:t,hũ̌t,hũ̌:t,hũ̀t,hũ̌:t,hũt
Timbo (generico),fish poison plant/vine (plantas ictiotoxicas),dṵ:j,dʼu:j,dṵ:j,dǔ:ʃ,dǔʃ,dʼṵ:ç,ndʼùç,dʼṵ̂:jʰ,
Tururi,tururi (tree with useful fibers) (Sterculia sp.),,,,bob,bob,bʔobm,,,
Casca,bark,bɔg,tabᴐg,bɔg,bɔk,bɨk,bʼɔ̰k,,bʼɔ̰k,mbᴐᴐk
Cerne 1,tree trunk?,cʼɨ̰:d,,cʼɨ̰:d,cʼǎ:t,cǎt,,,,
Cerne 2,tree trunk?,,,,,,sәʃә̌:w,,cәcә̂:w,sәsә́w
Espinho,spine; thorn,,,,ʔut,ʔǔt,ʔut,ùt,ʔud,
Flor,flower,cʼo̰:h,cʼo:h,cʼo̰:h,cʼô̰:,cɔ̂,cʼô̰:,,cʼô̰:h,
Folha,leaf,kʼa̰:d,gʼa:d,kʼa̰:d,kʼɛ̰̌:t,kɛ̌t,kʼɛ̰̌:t,kʼɛ̀t,kʼɛ̰̂:t,kɛɛt
Raiz 1,root,,,,tǐ:ʃ,tǐʃ,tǐ:h,tìh,tî:jʰ,
Raiz 2,root,kɔbm,kᴐbm,kɔbm,xɔbbm,xɔbm,,,,
Semente 1,seed,tɨbm,tatɨbm,tɨbm,tɨbbm,tɨbm,,,,
Semente 2,seed,,,,,,wәgŋ,,wә̂:g,wәg
Fruta (generico),fruit,ʔag,ag,ʔag,ʔɛg,ʔɛg,ʔagŋ,ágŋ,ʔagŋ,
abacaxi,pineapple (Ananas sativus),,,,jɔ̂:j,,jɔ̌:j,yᴐ̀y,jɔ̂:j,yᴐ́y
Abacaxi,pineapple (Ananas comosus),mãwã:d,mawã:d,mãwã:d,wã̌:n,wã̌n,,,,
Banana 1,banana (Musa sp.),mãʃe:ɾ,mase:ɾ,mãʃe:ɾ,ʃelʔ,ʃêl’,,,,
Banana 2,banana (Musa sp.),,,,,,pɨhɨ̌:t,pɨhɨ́t,wɨhɨ̌:t,wɨhɨt
Banana 3,banana (Musa sp.),pãnã:ɾ pãnã:l,pana:ɾ,pãnã:ɾ,nã̌:lʔ,nã̂l’,,,pãnãh,
Caju,cashew (Anacardium sp.),,,,,,ɲãhãm,yahám,jãhã:m,yãham
Cucura 1,Amazonian tree-grape,,,,huh,huh,mbuhuh,mbuhúh,,
(Pourouma cecropiaefolia),,,,,,,,,,
Cucura 2,Amazonian tree-grape (Pourouma cecropiaefolia),taɾapo:ʔ,taɾapo:,ʃaɾapu:ʔ,,,,,,
Inga 1,inga (Inga sp.),kãmɛ̃ʔpiʔ,kamepi,kʼupiʔ,,,,,,
Inga 2,inga (Inga sp.),,,,mĩ̂:n,mbîdn,mĩ̌:n,mìn,mĩ̂:n,mídn
Ira-pixuna,Ira-pixuna,,,,ndô:g,ndôg,ndôgŋ,ndògŋ,,
(Coccoloba pixuna),(tree) (Erisma japura),,,,,,,,,
Açai,açaí palm (Euterpe sp.),mãnãg,,mãnãg,nã̌:k,nã̌k,,,,
Bacaba 1,bacaba palm (Oenocarpus sp.),wʌgŋ,wʌgŋ,wʌkŋ,wax wǒ:h,wax wǒɾ,,,wa wǒ:h,
Caraná,caraná palm (Mauritia sp.),kapo:ɟɲ,,tapo:ɟɲ,pɔ̂:j,pɔ̂j,,,,
Pupunha 1,peach palm (Bactris gasipaes),,,,cʼɨ̂:w,cɨ̂w,cʼɨ̌:w,,cʼɨ̰̂:w,sɨɨ́w
Cara 1,dioscorea (tuber) (Dioscorea sp.),mãnãʔɨ:dn,manaɨ:dn,ʔɨ:dn,ʔĩ̌:n,ʔîdn,,,,
Cara 2,dioscorea (tuber) (Dioscorea sp.),,,,,,cʼã̰h,,cʼã̰h,sãah
Cogumelo (sp.),mushroom,pәbm,bʼa:pәbm,pәbm,pәb pәbmʔ,pəm’,pәbʔ,pàç,pәbʔ,
Mandioca,manioc (Manihot utilissima),,,,jǎ:k,jǎk,kajak,kayak,jâ:k,
Pimenta 1,chili pepper (Capsicum sp.),,,,xɔw,xɔw,kɔw,kᴐ́w,kɔw,kᴐw
Pimenta 2,chili pepper (Capsicum sp.),po̰:h,pʼo:h,pɔ̰:h,,,,,,
Borracha,rubber,tʌg,bʼa:tʌg,tʌg,tǎ:k,tǎk,tǎ:k,tàk,tǎ:k,ták
Cinzas 1,ash,,,,,,tuh,,tuh,túh
Cinzas 2,ash,ʔo:j,o:j,ʔɔ:j,,,,,,
Designativo de arvores,tree (bound form),tә:g,t?:g,tә:g,tә̂:ggŋ,təg,tê:gŋ,tegŋ,tê:g,teg
Lenha,wood,,,,duh,bɛduh,dʼṵh,,dʼṵh,nduúh
Toco,stump,,,,ndɨd,ndɨd,dɨdn,ndó,,
Veneno 1,curare poison (Strychnos sp.),,,,nã̂:m nã̌:m,nã̌m,nã̌:m,,nã̌:m,
Veneno 2 (sp.),curare poison,pɨ̰:bm,pʼɨ:bm,pɨ:bm,,wɨbm,pɨ̌:bm,nàm,pɨ̌:bm,
1pl Nos,1pl,ʔә:ɾə,ә:ɾ,,ʔid,ʔid,ʔɨ̃n,ɨ́n,ʔɨ̃̌:n,ɨ̃n
Agua,water,naʔәgŋ,naәgŋ,naʔәgŋ,ndә̌:x,ndə̌x,ndě:h,ndèh,ndê:h,ndéh
anta (tapirus terrestris),tapir,tʌ̰:gŋ,tʼә:gŋ,tʌ̰:kŋ,tǎ :x,tǎx,tǎ :h,tàh,tǎ :h,tàhtáh
Asa,wing,takәg,kәg,takәg,xê:,xê,kê:,ké,tәkeh,ke
Bacaba 2,bacaba palm,ʃawɨ:bm,sawɨ:bm,ʃɨwɨ:bm,wî:bbm,wîbm,ciwǐ:bm,wᴐ́s,wî:bm,wíbm
Buriti,buriti palm,cʼʌ̰:g,cʼә:g,cʼʌ̰:g,cʼǎ:k,cǎk,cʼǎ̰:k,sʼàk,cʼâ̰:k,saák
Buscar,look for,hɨ:dn,eh?:dn,hɨ:dn,,,,NF,,
Caminho,path,tɨ:w,tɨ:w,tɨ:w,tɨ̂:w,tɨ̂w,tǐ:w,tìw,tî:w,tíw
Carapana,mosquito,,gɨ:j,kʼɨ:j,,,kʼî:,kʼí,kʼijǐ:h,kii
Carvão,charcoal,ʃәh,sәh,ʃәh,ʃә̌:x,ʃə̌x,cә̌:h,tegsә̀h,,
Ceu 2,sky,wәʔ,wә,wә:ʔ,wә̌:ʔ,?,,,,
Cobra (sp.),snake sp.,ʔawɨ̰:ʔ,awʼɨ:,ʔawɨ̰:h,,,,,,
Comprido 1,long,dawɨ:t dawɨd,daw?:t,nɨwɨ:t,w̰ʔәt,w’ət,w̰ʔәt,wʼә́t,w̰ʔәt,wәәt
Cortar 3,cut (through/off),kʼakɨ:t ,gakɨ:t,kʼakɨd,xɨ̌: t,xɨ̌t,kɨt,kɨt,,
Crescer 2; subir,grow; climb,ʃә̰:g,asә:k,ʃә̰:g,ʃâ:k,ʃǎk,cak,sak,,sak
Deitar 1,be suspended (in hammock; canoe),kʼʌʔ kʼә:ʔ,agʌ,,kʼaʔ,kaʔ,kʼã̰ʔ,kʼãʔ,kʼã̰ʔ,kãʔ
Dente,tooth,tәg,tәg,tәg,tәg,təg,tәgŋ,tә́gŋ,tәgŋ,tәg
Em forma de fio (cipo),vine; cord,tɨd,tɨd,tɨd,tit,tit,tit,tɨ́t,tɨt,tɨt
Esconder,hide,jәdn,kejәdn,jәdn,jê:ddn,jêdn,jә̂:dn,yә́dn,jәdn,yәdn
Estar em pe,stand,gә̰:d,ag?:t,gә̰:d,kә̌t,kə̌t,cakʔet,kʼet,kʔedʔ,
Floresta,forest,hʌ:j,hә:j,hʌ:j,xâ:j,xâj,hǎ:j,hày,hâ:j,háy
Fogo,fire,tә:g,t?:g,tә:g,tә̌:ʔ,,tě:gŋ,tègŋ,tê:gŋ,tég
Formiga-de-fogo,fire ant,ʔɨ:h,ɨ:h,ʔɨ:h,ʔɨ̂:,ʔɨ̂,ʔɨ̃̌:h,ɨ̃̀h,,
Gordura 2,fat; grease,ʃɨ:j,sɨ:j,ʃɨ:j,,,,,,
Homem 1,man,ʔajɨ̰:ʔ ʔajɨ:ʔ,ajʼɨ:,ʔajɨ̰:h,,,tijǐ:ʔ,tiyìʔ,jî:ʔ,yí’
Jacare (sp.),caiman (sp.),wә:ʔ,wә:,wә:ʔ,,,,,,
Japura,japurá (tree),jawʌk,jawәk jawʌk,wakŋ,wak,wak,jawak,yawák,wǎ:k,wak
Longe 2,far,dawә̝:ʔ,daw?:,nãwɨ:h,,,,wʼéh,,
Macaco-caiarara,white-fronted capuchin monkey,hә̝:w,h?:w,hә:w,,,hɛ̂:w,hɛ́w,,
Morcego 2,bat,wәbm,wәbm,wәbm,,,,,wә̌:bm,
Morder,bite,kʼәʃ kʼә:j,egәs,kʼәʃ kʼә:j,kʼәʃ,kəʃ,kʼәç,kʼәç,kʼәjʰ,kәәç
Noite,night,cʼәbm,acәbm,cʼәbm,cʼebbm,cebm,cʼә̰bm,sʼә́bm,cʼә̰bm,sәәbm
Nome,name,hʌd hʌt,hʌd,hʌ̰:d,xǎ:t,xǎt,hǎ:t,hàt,hǎ:t,hát
Olho,eye,mãtɨbm,matɨbm,mãtɨbm,tɨbbm,tɨbm,,tɨ̀bm,,
Ouvir 1,hear,wә:ʔ wәʔ,ma new?:,wәʔ,wәʔ,wə̌’,wәʔ,wә́ʔ,,
Ouvir 2; saber,hear; understand,pʌh pә:h,hapʌh,pa:h,pǎ:h,pǎh,pãh,NF,pãh,pãh
Pai 1,father,ʔɨb,ɨb,ʔɨb,ʔǐ:p,ʔǐp,ʔǐ:p,,ʔǐ:p,íp
Passaro (generico),bird,tawә̰:d,tawʼә:d,tәwә̰:d,tәwә̌t,təwə́t,wě:t,wɛ̀y,wê:t,wét
Pataua,seje palm,wʌgŋ,wʌgŋ,wʌkŋ,wax,wax,wuh,wáh,wǎ:h,wah
Pe,foot,cʼɨ:bm,cɨ:bm,cʼɨ:bm,cʼɨ̂:bbm,cɨ̂bm,cʼḭ̌:bm,sʼìbm,cʼî:bm,siíbm
Pesado,heavy,jawɨk,jawɨk,jɨwɨkŋ,,,jiwik,yiwík,wik,wik
Preto,black,cʼәgŋ,cʌgŋ,cʼә:h,cʼ â:,câ,cʼ â̰:,sʼá,cʼ â̰:h,saa
Pupunha 2,peach palm,jә:ʔ,j?:,jɨ:h,,,,,,
Rapaz,adolescent boy,pahә:w,pahә:w,pʌhʌ:w,pɛdxâ:w,pɛɟxǎw,pɛʃâ:w,pɛ̃y,pɛdhǎ:w,
Roçar 1,clear brush/trees,kʼә:bm kʼә:w,gә:w,kʼә:w,kʼâ:w,kâw,,,,
Sangue,blood,mãjɨ:w mãjɨ:bm,majɨ:w,mɨ̃jɨ:w,jɨ̂:w,jɨ̂w,mbĩjî:w,mbiyìw,dîw,yíw
Sujo,dirty,tә:w,t?:w,,tә̌:w̰ʔ,tə̌w’,cʼǎ̰:w̰ʔ,sʼàw,cʼǎ̰:w̰ʔ,saáw’
Ucuqui,ucuqui (tree),mʌ̃ʔ,mʌ,mʌ̃ʔ,mɨ̃̂:,mɨ̃̂,mɨ̃̌:h,mɨ̀h,mɨ̃h,mɨ́h
Urucum,achiote; anatto,hә̰:w,hʼ?:w,hә̰:w,hә̂:w,hə̂w,hә̌:w,hә̀w,hә̂:w,hә́w
Velha,old woman,wahәh wahɨ̰:h wah,wahʼ?:,,,ʔãjhən ʔãjwâ ʔãjwǎh,wâ:,wá,tәwәhә̌:h,wәhә́h
Vomitar,vomit,hә:dn,ehә:dn,hә:dn,xâ:ddn,xâdn,hɔ̃̌:n,hón,hɔ̃n,hᴐ̃n
