gloss_en,gloss_pt,ndb_rc_m05,ndb_rn_m05,ndb_rc_eppsob,daw_eppsob,daw_m05,hup_ramepps,hup_m05,yhp_silva,yhp_m05
flatbread,beiju,,,,bǎʔ,bǎ:ʔ ,mbʼàʔ,bʼǎ̰:ʔ ,NF,bʼâ̰:ʔ 
food,comida,,,,wěd,wɛ̌:d,wɛdn,wɛ̌:dn,wɛ́dn,wɛ̂:dn
tapioca,goma,ʃɛ̃jnũ:h ʔenũh,nũ:h,,nũ̌h,nũ̌:h,nùh,nũ̌:h,núh,nũ̂:h
tadpole,girino,,,,ndǔd,nud,nduɾùdn,nduɾudn,ndud udn,
frog,rã,,cʼʌ̰: j,,câj,cʼâ: j,sʼày,,saáy,
frog (sp.),rã (sp.),woh,woh,,woh,woh,wóh,woh,wә,woh
frog (sp.),rã (sp.) (Leptodactylus sp.),jәgŋ,jәkŋ,,jəx,jəx,,jәx,,
frog (sp.),rã (sp.),jṵ:ʔ,,,jǔh,jǔ:h,,jǔ:h,,jǔ:h
toad,sapo (fam. dos bufonídeos),c ʼapә ʔ,c ʼapә :h,,pə̌ʔ,pә̌:ʔ,,,,
game (hunted animal),animal de caça,,,,hũ̂,hũ̂:,NF,hũ̂:,hũh hũ,hũ̂:h
porcupine,cuandu 1 (porco-espinho) (fam. dos bufonídeos),kako: ʃ,kaku: ʃ,kako:s ɨb,,,NF,,NF,
porcupine,cuandu 2 (porco-espinho) (fam. dos bufonídeos),,,,pǔg,pû:g,pùgŋ,pû:gŋ,púg,pû:gŋ
agouti,cutia 1 (Dasyprocta fuliginosa),,,,mɛ̃̌t,mɛ̃̌:t,mɛ̀t,mɛ̃̌:t,mɛ́t,mɛ̃̂:t
agouti,cutia 2 (Dasyprocta fuliginosa),mãjã:w,mĩjã:w,,,,NF,,NF,
green acouchi,cutiuaia 1 (Myoprocta pratti),,,,kaɟ,kʼaɟ,,kʼaʲɟɲ,,kʼaʲɟɲ
green acouchi,cutiuaia 2 (Myoprocta pratti),mãbәgŋ,wәbәgŋ,mabәgŋ,,,,,,
kinkajou (Potus flavus),Jupará,,,,,hɛ̃̂:n,mɛhɛ̀n,mɛ̃hɛ̃̌:n,,
Eastern lowland olingo (Bassaricyon alleni),Jupará,wacʼɔ̃g,wɔ̃hcʼɔ̃g,,cɔ̃k,cʼɔ̰̃k,wᴐ̃hsᴐ̃́k,wɔ̃hcɔ̰̃k,,
otter (Pteronura brasiliensis),Lontra,ʔajo̰:g,ʔajɔ̰:g,ajʼo:g,j’ɔ̌k,ʔjɔ̌:k,,dʲɔkpǒ:gŋ,yᴐk,jɔ̂:k
tamarin monkey (Saguinus inustus),Macaco (sp de sagui),jãmãʃi:ʃ,mĩʃi:ʃ,,ʃîɟ,ʃî:ɟ,,,,
woolly monkey (Lagothrix lagotricha),Macaco-barrigudo,,,,ʔoh,ʔoh,óh,ʔoh,oh,ʔɔ̌h
wedge-capped capuchin monkey (Cebus olivaceus ),Macaco-caiarara,ʃãmɨ̃:j̃,ʃãmã:j̃,samɨ̃ɨ̃j,mɔ̃̂j,mɔ̃̂:j̃,,,,mɔ̃̂:j̃
squirrel monkey (Saimiri sciureus),Macaco-de-cheiro,baɾi:d,mãɾid,,,,,,,
squirrel monkey (Saimiri sciureus),Macaco-de-cheiro,,,,biɟ,biɟ,,bʼɨ̰ʲɟɲ,,
night monkey (Aotus vociferans),Macaco-da-noite,kɨ̃jkɨ̃:j,kujiʔ,,xuj’,xujʔ,kukúy,kukuj,kukuy,kukǔ:j
howler monkey (Alouatta seniculus),Macaco-guariba,,,,tûg,tû:g,tùgŋ,tǔ:gŋ,túg,tû:gŋ
tufted capuchin monkey (Cebus apella),Macaco-prego,jawʌ̰:j,jawʌ̰:j,jawʼә:j,wǎʃ,wǎ:ʃ,yawàç,jawǎ:ç,,wâ:jʰ
golden-backed uakari monkey (Cacajao melanocephalus),Macaco uacari-preto,,,,‘ɛ̃̌ʃ,ʔɛ̃̌:ʃ,,ʔɛ̃ç,,ʔɛ̃̂:jʰ
collared titi monkey (Callicebus torquatus),Macaco zogue-zogue,kʼṵ:k,kʼo̰:kŋ,,kôg,kʼô̰:g,kʼògŋ,kʼô̰:gŋ,koóg,kʼô̰gŋ
bat (Desmodus rotundus),Morcego 1,,,,bɨx,bɨx,,cɨbʼɨ̃h,,
opossum (Didelphis sp.),Mucura,cʼawa:j,cʼawa:j,cawa:j,wɛ̂j,w̰ʔɛj,saʼmáy,ʃãm̰ʔã̂:j,,
jaguar (Panthera onca),Onça,,,,j’abm xɨʔ,j̰̃ãm xɨʔ,yaʼám,j̃ãʔãm,yãam,j̃ãʔã̌:m
paca (Agouti paca ),Paca,daʔpa:ʔ,nẽpa:h,depa:,paʔ,paʔ,,,,
peccary (Tayassu pecari),Porco,to:h,to:h,to:h,tɔh,tɔh tɔh mɛ̃t,tᴐ̃́h,tɔ̃h,,tɔ̃̌:h
ringtail coati (Nasua nasua),Quati,,,,ʃû,ʃû:,sú,cû:,su,cû:h
collared anteater (Tamandua tridactyla),Tamandua,jɔdn,jɔdn,,jɔdn,jɔdn,,,yᴐ̃n,jɔ̃̌:n
giant anteater (Myrmecophaga tridactyla),Tamandua 1,jahu:dn,ʔihu:dn,jahu:dn,xûdn,xû:dn,,,,
giant anteater (Myrmecophaga tridactyla),Tamandua 2,mɨgŋ,mbɨ̌:gŋ,,mbɨg,mbɨ̌:gŋ,,,,
armadillo (Dasypus novemcinctus),Tatu-galinha 1,,,,jəw,jә̂:w,yèw,jě:w,yéw,jê:w
armadillo (Dasypus novemcinctus),Tatu-galinha 2,wḛ:ɟ,wḛ:ɟ,,,,,,,wî:ʲɟɲ
giant armadillo (Priodontes maximus),Tatu canastra,,,,ʔɔ̃̌k,ʔõ̌:k,,ʔǒ:k,,
gray brocket deer (Mazama gouazoubira),Veado-catingueiro,,,,cocǎh cohcâ,cʼәcʼǎ:h,,mɔ̃hɔ̃jʼcʼâ:,mᴐhᴐ́ysaa,mɔ̃hɔ̃j̃ʼcʼâ̰:h
red brocket deer (Mazama americana),Veado-mateiro,,,,cohə̌w,cʼәhә̂:w,,mɔ̃hɔ̃j̃hә̌:w,mᴐhᴐ́yhә́w,mɔ̃hɔ̃j̃hә̂:w
tail,Cauda,dɔ̃m,nɔ̃m,dõm,dubm,dubm,ndʼúbm,dʼṵbm,nduubm,dʼṵbm
horn,Chifre,ʃã̰:n,ʃã̰:n,,ʃã̂n’,ʃã̰̌:nʔ,sànʔ,cã̰̌:nʔ,,cã̰̂:nʔ
skin,Couro ou pele,bɨ:h,bɨ:h,bɨ:h,bɨk,bɨk,,,,
fat; grease,Gordura 1,,,,nɛ̃g,nɛ̃g,,nã̌:ŋ,nag,nã̌:ŋ
aracari (small toucan) (Pteroglossus sp.),Araçari,jʌ:b,,,jâb,jâ b,,,,jâ:bm
macaw (Ara macao),Araraçanga 1,,,,,,yàk,jǎ:k ,yák,jǎ:k 
macaw (Ara macao),Araraçanga 2,kʼaʔɾo:ʔ,kʼaɾu:h,,kǎl’,kʼa lʔ,,,,
hummingbird (familia dos troquilideos),Beija-flor 1,cʼi:p,cʼi:p,,,,,,,
hummingbird (familia dos troquilideos),Beija-flor 2,,,,ʃug,ʃug,súgŋ,cu:gŋ,sug,cǔ:gŋ
owl (genero otus),Coruja 1,,,,wěw’,,pәpә́p,pәpәp,pәpәp,pәpә̌:p
owl (genero otus),Coruja 2,wo̰:ɾə,wo̰:ɾə,wʼo:ɾ,,,,,,
piping guan,Cujubim (Pipile sp.),kajṵ:j,kajṵ:j,,xujǔj’,xujǔ:j ʔ,,,,
egret (familia dos ardeideos),Garca,,,,mboh,moh,mboh ówʔ,boh owʔ,,
thick-billed euphonia (Euphonia laniirostris),Gaturamo,,,,,cʼubm,,cʼǔ:bm,suúbm,cʔǔ:bm
harpy eagle?; hawk (Harpia harpyja),Gaviao-real,wi:ʔ,wi:h,wa wi:,wǐh,wǐ h,wih pògŋ,wǐh pǒg,wíh,wîh
Spix’s guan (Penelope jacquacu),Jacu,jә̰:j,jə̰:j,,jěʃ,jěʃ,,jěc,,jěc
japu (Psarocolius sp.) [Gymnostinops is outdated name] (Gymnostinops,Japu-do-bico-encarnado,dṵb,do̰:b,,dǒp,dǒ:p,ndʼóp,dʼǒ̰:p,ndoop,dʼô̰:p
blue-headed parrot (Pionus menstruus),Maitaca,du:ʃ,du:ʃ,,dǔc,dǔ:ic,ndʼùs,dʼṵ̂:ic,,dʼṵ̌:ʲɟ
white-throated tinamou (Tinamus guttatus),Nambu-galinha,ho̰:h,ho̰:h,,mɔ̃hǒh,hǒ:h,mᴐhhòh,mɔ̃hǒ:h,,
great tinamou (Tinamus major),Nambu-grande,,,,mɔ̃̂,mɔ̂̃:,mᴐ̀h,mɔ̃̌:h,mᴐ́h,mɔ̃̂:h
mealy parrot (Amazona farinosa),Papagaio-moleira,cʼɔj,cʼɔj,,cɔj,cʼɔj,,cʼɔ̰jʔ,sᴐᴐy’,cʼɔ̰jʔ
dove (Columba cayennensis),Pomba-galega,wawɛ̃hɛ̃h,,,wɛ̃h,wɛ̃h,,wɛ̃ç,wɛ̃h,wɛ̃h
moriche oriole (Icterus chrysocephalus),Rouxinol,,cʼu: b,,ʃǐp,cʼû: b,,,,
toucan (Ramphastos sp.),Tucano,ʃoked ʃaked ʃuked,ʃaked,suked,cokwet,cʼokʼwet,sᴐkwʼә́t,cokw̰әt,sᴐkәt,cɔhkәt
vulture (Coragyps atratus),Urubu,wә:h,wә:h,,waʔ,waʔ,wã́ʔ,wãʔ,,wãʔ
nocturnal currasow (Nothocrax urumutum),Urumutum,,,,tǔdn,tǔ:dn,mᴐytùdn,mɔ̃jtǔ:dn,mᴐytudn,mɔ̃jtǔ:dn
nest,Ninho,mã:g,mã:g,,mbeʔ,,,,,
egg,Ovo,ʔetɨ:p tɨb,tɨb,tɨb,tɨ̌p,tɨ̌:b,tip,tǐ:p,típ,tî:p
yellow,Amarelo,ʃawʌ̰:k,ʔawa̰:kŋ,,,,,,,
blue; green,Azul; verde,jabaɾǔ: t ,maɾu: t ,jabaɾu:t,,,,,,
white,Branco 1,hawak ,hawakŋ,hawak,,,,,,
white,Branco 2,,,,hô,hô:,tohó,tohoh,,tohoh
red,Vermelho 1,,,,ndô,nô:,,ndô:,,
red,Vermelho 2,hi:dn,hi:ɟɲ,hahi:dn,,,,,,hě:ɟɲ
shrimp,Camarão,ʃә:ʔ,ʃɨ:ʔ,sә:,ʃoʔ,ʃoʔ,sәʔ,cәʔ,sәsә’,cәcәʔ
crab (gen. Trichodactylus),Caranguejo,cʼahʌ:bm,cʼʌhʌ:bm,,xâbm,xâ:bm,,,,
crab (gen. Trichodactylus)­­,Caranguejo,,,,,,sᴐhᴐ́,ʃɔhɔ̂:,,cɔhɔ̌:h
crab (gen. Trichodactylus),Caranguejo,,,,,,,cɔ̃hõ̌:m,,cɔ̃hõ̂:m
diarrhea,Diarreia,,,,jǒh,,NF,cuɟɲ,NF,cuɟɲ
wound (causada por corte),Ferida 1,,,,ndɔh,nɔ:h,NF,,ndᴐᴐh,ndɔ̌:h
wound,Ferida 2,,,,xɔbm,xɔ̃m,hᴐ́m,hɔ̃m,NF,hɔ̃m
nematode (roundworm) (Ascaris lumbricoides),Lombriga,ʃɔ:d,ʃɔ:d,,ʃɔ̌t,ʃɔ:t,NF,,NF,
medicine,Remedio,,,,jɔ̃̌h,j̃ɔ̃̌:h,yᴐ̃̀h,j̃ɔ̃̌:h,yᴐ̃h,ɲɔ̃̌:h
measles,Sarampo,,,,,,páb’,pab,pamʔ,pǎ:b
lower,Abaixar,hɨgŋ hɨ:h,hɨgŋ,hɨgŋ hɨ:h,xɨ̂,xɨ̂:,hí,hî:,hi,hi
lower,Abanar,hәbm,,,hem’,hebmʔ,héb́,hebmʔ,hemʔ,hɛbmʔ
open,Abrir 1,,,,poʔ,poʔ,póʔ,poʔ,po’,poʔ
open,Abrir 2,je:ɟɲ jḛ:j,,,jǐc,jɛɟ,,,,
finish,Acabar 1,ʔahʌj ʔahә:j,ʔahʌj,,,,,,NF,
finish,Acabar 2,,,,hũʔ,hũʔ,hū̃̃́ʔ,hũʔ,hũ’,hũʔ
finish,Acabar 3,jã:m,jã:m,,jɛ̃̂m,jɛ̃̂:m,NF,,NF,
light (fire),Acender 1,,,atә:,təʔ,tәʔ,tәʔ,tәʔ,tә’,tәʔ
light (fire),Acender 2,tagŋ ta:h,ta:h,,,,tә́ʔ,,ta:ʔ,
mix; stir,Agitar 1,,,,wɔ̃n’,,NF,w̃ɔ̃nʔ,NF,w̃ɔ̃nʔ
mix; stir,Agitar 2,,kaw̃ɔ̃j̃,,,,NF,,mihwᴐ̃ç,mĩhw̃ɔ̃j̃
help,Ajudar 1,,,,,,hi tám,tã̂:m,,tãm
help,Ajudar 2,ʔmãʃaʔ ʔmaʃa:ʔ,ʔmẽʃa:h,,,,NC ,,NC,
drown,Alagar; inundar,   kʼɨ̰:p kʼɨ̰:b,kʼɨ̰:b,,kɨ̂bm,kʼɨ̃̂:m,k’ɨ́m,kʼɨ̃̂:m,NF,
smooth,Alisar,hawә:k,hawʌg,,,,NC,hәk,NC,
love; be stingy,Amar; souvinar,,,,wɔj,wɔj,wᴐy,wɔj,wᴐy,wɔj
tie,Amarrar,da̰:p da:b,,,dâb,dâ:b,,,tabm,tabm
rest/be put on (something),Amontoar,,,,wôb,wʔô:b,NF,wuʔwô:bm,woobm,wʔobm
go out,Apagar,du:k dug,du:g,,dɔ̌k,dɔ̌:k,ndʼᴐ́k,dʼɔ̰̌:k,ndᴐᴐk,dʼɔ̰k
appear,Aparecer,,,,hadn,hadn,,bahadn,wahadn,
rot,Apodrecer,ʔaʃʌ̰:ʃ ʔaʃa:ɟ,ʔaʃa:j ʔaʃa:ɟ,,,,,,,
rot,Apodrecer2,,,,dɔx,,ndʼᴐ́h,,ndᴐᴐh,
warm up,Aquecer,,,,,kʼɨ̰ʔ,NF,kʼɨ̰̂ʔ,kɨʔ,kʼɨ̰ʔ
pull out,Arrancar 1,ʔakʼ o̰:ʔ ʔakʼ o:ʔ,kʼ o:ʔ,,,,kᴐʔ,kʼ ɔ̰̌:ʔ,kᴐᴐʔ,kʼ ɔ̰ʔ
pull out,Arrancar 2,,,,wɔc,wɔc,NF,wɔc,NF,
scratch,Arranhar,kuʃ kuɟ,,,xôj,xô:ɟ,kój,koʲɟɲ,hɨ kĩit,
pull; drag,Arrastar,takɨg takɨg,takɨg,,xə̌k,xә̌:k,NC,,kәk hɨ̃k,kәgŋ
roast,Assar,jʌʔ jә:ʔ,,,jaʔ,jaʔ,yɛ̃ʔ,jɛ̃ʔ,yɛ̃ʔ,jɛ̃ʔ
whistle,Assobiar,hɔ̃:ɲ hɔ̃:j̃ hɔ̰̃:ɲ,hɔ̃:j̃,,hɔ̃̌y,hɔ̃̌:j̃,,pɔ̃hɔ̃̂: j̃,pᴐ̃hᴐy,pɔ̃hɔ̃ j̃
throw,Atirar,bo:h boh,bo:h,,bux,bux,mbʼuy,bʼṵ,mbuuh,bʼṵh
drool,Babar 1,nãɾe:h,nãɾe:h,,,,NF,,NF,
drool,Babar 2,,,,,,NF,nɔ̃hʃǎ:w,nᴐhsáw,nɔcaw
swing,Balançar,,,,jǒj’,jǒ:jʔ,yᴐ́yʔ,jǒ:jʔ,yoyʔ,jojʔ
bathe; swim,Banhar,cʼɔbm,cʼɔbm,acᴐbm,cɔbm,cʼɔbm,sʼᴐ́m,cʼɔ̰̌̃:m,sᴐ̃ᴐm,cʼɔ̰̃m
noise,Barulho,,,,,,hᴐ̃̀h,hɔ̃̌:h,hᴐ̃hᴐh huh,hɔ̃̌:h
drink,Beber,ʔә:k ʔә:gŋ,ʔɨgŋ,e?:k,ʔəg,ʔәg,әgŋ,ʔәgŋ,әg,ʔәgŋ
kiss,Beijar,cʼu:p cʼu:b,cʼu:b,,cũ̌ɲ’,cʼũ̌:ɲʔ,sʼṹp,cʼṵ̃p,sũup,cʼṵ̃p
pinch,Beliscar 1,waʃi:ʔ ʃḭ:ʔ,ʃḭ:h ʃi:h,,,,NF,,NF,
pinch,Beliscar 2,,,,ʃîb,ʃî:b,tímʔ símʔ,cĩ̌:mʔ,sĩim’,cĩmʔ
yawn,Bocejar 1,habm haw,habm,no:kehabm,,,NF,,NF,
yawn,Bocejar 2,,,,nɔ̃hkâ,nɔ̃hkʼǎ̰:ʔ,nᴐhʼká,nɔ̃hkʼǎ̰:ʔ,nᴐh ka,nɔ̃hkʼa̰h
fight,Brigar,ʔo:bm,,eo:bm,ʔũ̂m bateɾ,ʔũ̂:m,ũhm ɛ́h,ʔũhm ɛ̃h,ũhũm,ʔũm
shine; be bright,Brilhar,bag,bag,,bɛ̂g,bɛʔ bɛ̂:g,mbʼagŋ,bʼa̰gŋ,mbɛɛ ʔ,bʼa̰ʔ
fetch water,Buscar agua,kʼɔp kʼɔb,kʼɔp kʼɔb,,kɔp,kʼɔp,kʼᴐ́p,kʼɔ̰p,ka ʔ kᴐᴐp,kʼɔ̰p
fall,Cair,,,,nɔ̃x,nɔ̃x,nᴐ́h,nɔ̃h,nᴐh hi,nɔ̃h
sing,Cantar,jʌ:bm jʌbm,jʌ:bm,ejʌbm,jãm hɨ̃h,jãm,yam,jãm,yãm,jãm
cut weeds,Capinar,ʃok  ʃog,ʃog,asok,ʃɛ̃ʃ,,sɛ̃́ç,,sәk,cәk
carry (on back?),Carregar,ʃә:t ʃә̰:d,ʃә:d,asә:t,ʃět,ʃě:t,sét,cě:t,set,cet
call,Chamar,ʔә:ɟɲ ʔә:j,ʔә:j,naә:ɟɲ,ʔəj,ʔәj,ey,ʔej,ey,ʔej
meet; encounter,Chegar; encontrar,wɨt,wɨt,,wɨ̂d,wɨd,wɨdn,wɨdn,wɨt,wɨt
fill up,Cheirar,hɨ̃:k hʌ̃g,hã:kŋ,macehɨ̃ɨ̃k,ʔɨ̃̌k,ʔɨ̃̌:k ,NF,,NF,
cry,Chorar,ʔo:t ʔɔd,ʔɔd ʔo:t,ao:t,ʔɔ̃̌t,ʔɔ̃̌:t,ᴐ́t,ʔɔt,ᴐtᴐ̃t,ʔɔt
kick,Chutar,da:ʃ daɟ,da:ʃ daɟ,,dɛɟ,dɛɟ,tás,tac,tas,tac
itch,Coçar 1,cʼu:k cʼug,cʼu:g,acu:k,cǔk,cʼǔ:k,,cʼuk,suuk,cʼuk
itch,Coçar 2,ʃɨ̰:t ʃɨ:d, ,,ʃîd,ʃĩnʔ,,,?,
put onto,Colocar,,,,w’ôb,w̰ob,wʼobm,w̰obm,wobm,wobm
eat,Comer 1,wә:h,wɨ:h,awәh,,,,,,
eat,Comer 2,,,,wɛ̂d,wɛ̂:d,,wɛ̌:dn,wɛdn,wɛdn
run,Correr,,,,ʔɔx,ʔɔx,,to ʼʔoh,,t ʼô̰:h
cut (hack),Cortar 1,,,,tɛʃ,tě:ʃ,,,,tәjʰ
cut (saw),Cortar 2,kʼahɔ̃k kʼahɔ̃g ʔahɔ̃k,hɔ̃:kŋ hɔ̃g,gehõk,hɔ̃k,hɔ̃̌:k,hᴐ̃́k,hɔ̃̌:k,hᴐ̃k,hɔ̃k
sew,Costurar,ʃu:h ʃugŋ,ʃu:h ʃugŋ,,,,suh,cuh,suh,cuh
cook,Cozinhar,,,,,,taʼasáw,cʼɨ̂:w,sᴐ̃hᴐ́m,cʼɨw
grow,Crescer 1,,,,pegʃǎk,,sap,cap,sap,cap
take care of,Cuidar,,,,hũjwəj’,,,hikej,key,kej
spit,Cuspir,cʼo: ʃ cʼɔ ʃ,cʼɔ: ʃ,,cɔ̌ʃ,cʼɔ̌: ʃ,,cʼɔ̌: ç,,cʼɔ̌:jʰ
poke,Cutucar,tatuk tatug,tug,,,,,,,
dabucuri; dance,Dabucuri; dancar,jәbm jʌbm,jʌbm,jәbm,jabm,jabm,yám,jãm,,jãb
give,Dar,nɔ̃:ʔ nɔ̰̃:ʔ,,,nɔ̃̌ʔ,nɔ̃̌:ʔ,nᴐʔ,nɔ̃ʔ,nᴐ’,nɔ̃ʔ
defecate,Defecar,ja:ʔ,,jʼa:,jɛ̌ʔ,jɛ̌:ʔ,yɛʔ,ɲdʲɛʔ,yɛ’,jɛʔ
lie (on ground),Deitar 2,jat jad,,ajat,jɛt,jet,yɛt,jɛt,yɛt,jɛt
spill,Derramar,bɨ:h bɨh,bɨ:h bɨh,,bə̂ bəh,bәh bә̂:,mbʼәh,bʼә̰h,mbәәh,bʼә̰h
melt,Derreter,dɛ̃ʔ dɛ̃:ʔ,,,n’ɛ̃̂,n̰ʔɛ̃̂:,,,,
peel,Descascar,,,,ʃĩm’ wet manioc banana etc.,ʃĩ̌:mʔ,,cɨ̃̌:mʔ,sĩim’,cĩmʔ
peel,Descascar 1,kʼɔ̃p  kʼɔ̃b ,,,kob,kʼob,,kʼobm,,
peel,Descascar 2,ʃo:ʃ ʃo̰:j,ʃɔ̰:j,,,,,,,
say,Dizer,nʌ̃ŋ nʌ̃:,,,nã̂,nã̂:,nᴐh sàw,nɔ̃̂:,,
sleep,Dormir,ʔɨ̴:h ʔãh,ʔã:h,,ʔã̂,ʔã̂:,,ʔɔ̃h,ᴐ̃h,ʔɔ̃h
wrap up,Embrulhar,,cʼәʔ,,cəʔ,cʼәʔ,,cʼәʔ,,
push,Empurrar,,,,tuj,tû:j,,tɨ̂:j tû:,tɨy,tɨj
meet,Encontrar,wɨ̰:t wɨ:d,wɨ:d,,wɨ̂d,wɨ̂:d,,,,
thread on a string,Enfiar,ʃɨ:h ʃɨh,ʃɨ:h,,ʃɨg,ʃɨg,,cĩŋʔ,,
choke,Engasgar,ga̰:k,ga:g,,kã̌k,kã̌k,kãk,kʔãk,kãak,kʔãk
crawl,Engatinhar,kʼ a̰:k kʼag,kʼa:g,,,kʼã̌:k,,kʼã̰k,,kʼãk
slip,Escorregar,cʼadup cʼadub,cʼadub,,,,,,,
write,Escrever,hɨ:ʔ hɨʔ,,,,,hɨ̀ʔ,hɨʔ,hɨ’,hɨʔ
scour,Esfregar 1,wu:k wug,,,wug,wug,,hĩ:kɨ̃k,hɨ̃k,hɨ̃k
scour,Esfregar 2,cʼu:k  cʼug ,cʼu:g ,acu:k,cǔk,cʼǔ:k ,,,suuk,cʼuk
wait,Esperar 1,cʼadaʔ cʼada:ʔ,cʼada:ʔ,,dɛʔ,dɛʔ,,,,
wait,Esperar 2,,,,,,,jû:,yuh,juʔ
squeeze manioc 1,Espremer mandioca,jugŋ ju:h,jugŋ,,,,,,,
squeeze manioc 2,Espremer mandioca,kʼawo:ʔ kʼawo̰:ʔ,,,w’ǒʔ,w̰ǒ:ʔ,koʼwowʔ,kʼow̰oʔ,,
tickle,Fazer cocegas,ʃɨ̰:t ʃɨ:d,,,ʃîd,ʃî:d,sisídn,cicî:dn,sisidn,cicidn
have sex,Fazer sexo,,,,ʔãn,ʔãn,an,ʔãn,,ʔãn
stink,Feder,,,,dɔx,dɔx,,dʼɔ̰h,ndᴐᴐh,dʼɔ̰h
stay,Ficar,,,,,tû:,túh,tuh,tu,tuh
flatulate,Flatulencia,du:ʃ duʃ,cʼɨʃ,,tɔʃ,tɔʃ,tᴐ́ç,tɔç,,tɔ̂:jʰ
shoot with arrow,Flechar,,,,kĩɲ,kʼḭ̃ɲ,kʼí,kʼigŋ,,kʼigŋ
focus?,Focar,hʌ̃:j hʌ̃:ɲ,hã:j̃,,hɔ̃j,hɔ̃̂:j̃,,,,hãj̃
smoke,Fumar,ʔahũ:t ʔahũ:d,ʔahũ:d,,ʔũn’,ʔũn̰ʔ,unʔ,ʔũn̰ʔ,ũn’,ʔũn̰ʔ
fill,Inchar,puh pu:h,pu:h,dapu:h,pux,,puhú,puhû:,puhu,puh
go,Ir,hṵ̃:m hãm,hã:m,ahõbm,hãm,hã̂:m,ham,hã̂:m,hãm,hãm
lick,Lamber,dɛ̃:p dɛ̃:b,nɛ̃:b,,nɛ̃̌p,n̰ɛ̃p,n’ɛm’,nʔɛ̃mʔ,,
wash,Lavar,cʼɨ̰:t cʼɨ̰:d,cʼɨ̰:d,,cid,cʼid,,cʼidn ,siidn,cʼidn
sharpen?,Lavrar,ʃәk ʃәg,ʃәg,asәk,ʃək,ʃәk,sʼɨgŋ,cәgn,sәk,cәk 
chew,Mastigar,waʔ ʔawa̰:ʔ,ʔa wa̰:ʔ,je wa,ʔaw’,ʔa waʔ,yaʼawʔ,ʔʔa̰wʔ,,
tell lie,Mentir,,,,tɨ̌x,tɨ̌:x,tɨh,tɨh,,
submerge,Mergulhar,hop hob,hob,,hop,hop,hóp,hop,hop,hop
ask for,Pedir 1,cʼɛ̃:ʔ cʼɛ̰̃:ʔ,cʼɛ̰̃:h,,,,,,,
ask for,Pedir 2,,,,ʔã̌x,,,ʔǐ:h,ih,ʔih
hang; suspend,Pendurar 1,dʌk dʌg,dʌg,,dak,dak,,dʼak,,
hang; suspend,Pendurar 2,,,,kaʔ,kʼaʔ,,kʼãʔ,,kʼãʔ
pound with pestle,Pilar,to:k tog,tog,eto:k,tǒk,tok,tók,tok,tok,tok
plant,Plantar,jo:bm,jo:bm,ejo:bm,jũ̌m,jũ̌:m,yum,jũ̌:m,yũm,jũm
jump,Pular,cʼәk,cʼәg,,cək,cʼәk,,cʼә̰k,sәәk,cʼә̰k
pull,Puxar,hә:k hәg,kɨg,,xə̌k,xәk,kәk,kәk,kәk,kәk
burn,Queimar,hɔ̃h hɔ̃:h,hɔ̃:h,,hɔ̃̂,hɔ̃̂:,hᴐ̃́,hɔ̃̂:,hᴐ̃,hɔ̃:
want,Querer,,,,tuk,tuk ,tút,tuk ,tuk,tuk 
split,Rachar,,,,,,,pobm,pobm,pobm
grate,Ralar,hʌ̃p hʌ̃b,hãb,ehʌ̃p,hɨ̃p,hɨ̃p,hɨ̃p,hɨ̃p,hɨ̃p,hɨ̃p
scratch,Rasgar 1,ʃɛ̃:t ʃɛ̰̃:d,ʃɛ̰̃:d,kasẽ:t,,,,,,
scratch,Rasgar 2,,,,,,,cɛ̌̃:wʔ,sɛ̃w’,cɛ̃w̰ʔ
scrape,Raspar 1,hap,hab,,xɛp,xɛp,,hap,,
scrape,Raspar 2,,,,,,,hɛw,hɛw,hɛw
paddle,Remar 1,ʔahәʔ hә:ʔ,ʔahәʔ,hә:,,,,,,
paddle,Remar 2,,,,xɛ̃̌ʔ,xɛ̃̌:ʔ,,hɛ̃j̰̃ʔ,hɛ̃y’,hɛ̃j̰̃ʔ
breathe,Respirar,,hãg,,hɛ̃g ʃɔʔ,hɛg ʃɔʔ,hãg,hãŋ,hãg,hãŋ
clear brush/trees,Roçar 2,,,,,,,bʼɔ̰t,,bʼɔ̰t
snore,Roncar,hṵ̃:k hṵ̃:g,hɔ̃:g,,xɔ̃̌k,xɔ̃̌:k,,hũ̌:k,tũhuk,hũk
steal,Roubar,cʼә̰:k cʼә:g,cʼә̰:kŋ,ecʼә:k,cə̌k,cʼә̌:k,,cʼḛk,sʼek,cʼḛj
miss (someone; something),Saudade,kʼʌ:bm,kʼa:bm,,,,,,,
dry,Secar 1,,,,xɔ̌p,xɔp ,,hɔp,,hɔp
dry,Secar 2,wo:ɟ wo:j,wo:j,hawo:ɟɲ,,,,,,
hold,Segurar,tɔdn,,,tɔdn,tɔdn,,,,­
sit,Sentar,,,,pɛ̂bm,pɛ̂:bm,pɛ́m,pɛ̃m,pɛ̃m,pɛ̃m
hiccup,Soluçar,,,,,,sәbәk,ʃәbʼә̰k,mbәәk,bʼә̰k
blow,Soprar 1,hu:h,,,,xǔ:ʔ,,,,
cast spell,Soprar 2,wɔh,,,wɔh,wɔh,,,,
blow,Soprar 3,pahu:ɟɲ pahu:j,pahu:j,pahu:ɟɲ,hũ̌t,    hũ̌:t,,pũhũ̌:t,pũhut,pũhũt
shoot with blowgun zarabatana,Soprar com,ʔeʃo:bm ʔeʃo:w,,eso:bm,ʃɔw,ʃɔw,sᴐ́w,cɔw,sᴐw’,cɔw
ascend,Subir (beira-rio),ʃɔp ʃɔb,ʃɔp,,ʃɔ̌p,ʃɔ̌:p,sᴐ́p,cɔp,sᴐp,cɔp
go upriver,Subir rio,,,,pɛ̂,pɛ̂:,pɛ́,pɛ̂:,pɛ,pɛ
shoot with slingshot,Tecar (??),,,,wɔ̃̌p,wɔ̃p,,w̰ʔɔ̃p,,
fear,Temer,ʔɨ̃:m ʔʌ̃m,ʔɨ̃:m,eɨ̃ɨ̃m,ʔã̂m,ʔã̂:m,ᴐ́m,ʔɔ̃m,ᴐ̃m,ʔɔ̃m
be; exist,Ter 1,nʌ̃h nʌ̃:,nã:,,,,,,,
be; exist,Ter 2,,,,nĩ̂,nĩ̂:,,nĩ̂:,ni,nĩ
be greasy; fat,Ter Gordura,ʃɨdn,ʃɨdn,,,,,,,
fish with timbo poison,Tinguijar,tә:dn,,,tedn,tedn,tә́dn,tәdn,tәdn,tәdn
take,Tirar,do:ʔ doʔ,,,dǒʔ,dǒ:ʔ,ndʼoʔ,dʼo̰ʔ,ndo’,dʼo̰ʔ
toast,Torrar 1,,,,xɛ̃̂n,xɛ̃̂:n,,kɛ̃̂:n,,
toast,Torrar 2,ʃɔ̃:ɲ ʃɔ̃:j,ʃɔ̃:j,,,,,,,
urinate,Urinar 1,,,,ʃǐʔ,ʃiʔ,,ciʔ,si’,ciʔ
urinate,Urinar 2,kʼʌ:ʃ,kʼʌ:ʃ,,,,,,,
sweep,Varrer,,ha:p ha:b,,xɛ̌p,xɛ̌:p,,hεp,,hεb
come,Vir,,,,nɛ̃̂d,nɛ̃d,nɛ́n,nɛ̃n,nɛdn,nɛ̃n
return,Voltar 1,jә:h jәh,,,jə̂,jә̂:,,jê:,,
return,Voltar 2,ba:ɟɲ baj,,,bɛ̂j jə̂,bɛj,,bʼa̰j,mbaay,bʼa̰j
River Indian,Etnia Tukano,,,,wɔ̌h,wɔ̌:h,wᴐ̀h,wɔ̌:h,wᴐ́h,wɔ̌:h
people,Gente 1,nãdәb,nɨdәb,nadәb,dəw,dәw,,,,
people,Gente 2,jihub,juhub,,dəwxup,xup,,hup,,juhup
mythical hero,Heroi mitico,,,,kɨ̃̌ɲ,kʼɨ̃̂:ɲ̰,,kʼɨ̃̂:ɲ̰,,kʼɨ̃̂:ɲ̰
man,Homem 2,mãɾahud,mãɾahud,,xut,xut,,,,
boy,Menino,ta̰:h ta:h,ta̰:h,,tɛ̂,tɛ̂:,tɛ̃́h,tɛ̃h,tɛ̃́h,tɛ̃̂:h
adolescent girl,Moça 1,,,,ʃâw,ʔãjãʃǎ:w,,tãʔãʃǎ:w,,tɨ̃hĩhcǎ:w
adolescent girl,Moça 2,mãɾu:ʃ,mãɾu:ɟ,,,,,,,
woman,Mulher,ʔɨ̃:ɲ ʔɨ̃:j̃,ʔɨ̃:ɲ,,ʔã̂j,ʔã̂:j̃,,ʔãj̃,,ʔã̂:j̃
shaman,Paje,ʃә:w,ʃә:w,sә:w,ʃəw,ʃә̂:w,sә́w,cә̂:w,sә́w,cә̂:w
old man,Velho,hәdna̰:ʔ,wah,wahʼ?:,xuthədn xutwâ xutwǎh,hә̌dn,wәhә́dn,wәhә̌dn,,wah
tonsil; lymph node,Amidala,kʼa:w,,,,kʼɛ̃:w,,kakʼǎ:w kakʼaw,,
beard,Barba,,,,ʃugwɛ̃w’,wɛ̃w̃ʔ,,wɛ̃̌:mʔ,,
stomach,Barriga 1,,,,tɔʔ,tɔʔ,,toʔ tǐbm,,
stomach,Barriga 2,wog,wog,wog,,wɔ̌:k,,,,
moustache,Bigode,nɔ̃ ʃu:g,nɔ̃ ʃu:g,,nɔ̃h ʃug,nɔ̃ ʃu:g  ,nᴐh súgŋ,nɔ̃ ʃu:gŋ,,
mouth,Boca,nɔ̃:h,nɔ̃:h,no:h,nɔ̃h,nɔ̃h,,nɔ̃h kʼǒ̰:dn,nᴐh koódn,nɔ̃h kʼo̰dn
cheek,Bochecha,mãwo̰:h,wɔ:h nẽmõwo̰:h,,wɔ̂,wɔ̂:,,ndɔwɔ̌:h,nᴐwwᴐ́h,nãwɔ̌:h
arm,Braço,mõ:h,mõ:h,mo:h,mĩnɔ̃h,,,mɔ̃mũ̌:j̃,,
head,Cabeça,nũ:h,nũ:h,nu:h,nũh,nũh,núh,nũh,nuh,nũ̌:h
hair,Cabelo,,,,pat,pǎ:t  pat,pã̀,pǎ̃:t,pãt,pǎ̃:t
meat,Carne,dab,dab,dab,dɛp,dɛp,,dʼa̰p,ndaap,dʼǎ̰:p
body,Corpo,hub,hub,,xup,xub,,hub ʃap,,
spine,Costas 1,,,,tǐʃ,tǐ:ʃ,,tǐ:ç,,
back,Costas 2,jijɔʔ,nẽjɔʔ,,,,,,,
rib,Costela 1,,,,xǒʔ,xoʔ,,hohoʔ,hohó’,hohoʔ
rib,Costela 2,kaɾapaʔ,kaɾapaʔ,,,,,,,
elbow,Cotovelo,ʃug,ʃug,,ʃɔ̌gŋ,ʃǒ:gŋ,,,yoyóg,jojogŋ
feces,Fezes,ja̰:ʔ,ja̰:h,jʼa:,jɛ̌ʔ,jɛ̌:ʔ,yʼɛ̀ʔ,jɛ̌:ʔ,yɛ́’,jɛ̌:ʔ
liver,Figado,ho:h,ho:h,ho:h,,,hᴐ́,hɔ̂:,hᴐ,hɔ̂:h
genitals,Genitalia,bo̰:j,bɔ̰:j,,bôj,bɔ̂:j,,bʼɔ̌:j,,
intestines,Intestino,,,,jɛ̌ʔpĩ̂n,jɛʔpĩ̂:n,,pĩ̌:n,,
knee,Joelho 1,,,,wãndɛh,wɔ̃dɛ̃h,,wɔ̃nʔɛ̃̂:,,
knee,Joelho 2,taɾodnũ:h,kaɾonũ:h,,,,,,,cʼәgn̰ṵ̃̌:h
tongue,Lingua,nãkʼa̰:d,nãkʼa̰:d,nagʼa:d,nɔ̃hkɛ̂d,nɔ̃hkʼɛd,,nɔ̃hkʼɛ̰̌:dn,,nɔ̃hkʼɛ̌̂:dn
hand,Mão,mɔ̃:h,nɛ̃mɔ̃:h,mo:h,,mĩnɔ̃h,,nɛ̃pũh,pᴐ̃h,pɔ̃̂:h
right hand,Mão direita,tahub,nẽmɔ̃hub,,ʃôbxup,xup,,mũhǔ:p,,
left hand,Mao esquerda,ʃɨ̰̃:ʔ,ʃã̰:h,sʼɨ̃ɨ̃,ʃôbʃã̌h,ʃã̌h,sᴐ̃̀h,cɔ̌̃h,,cẫh
nose,Nariz,,,,tɔ̂ɟ,tô:ɟ,,tǒ:ɟɲ,,tô:ɟɲ
ear,Orelha,nabu:j,nabu:j,nabu:j,xũ̂j,,,bʼɔ̰ ɾɔk,mbuy ɾᴐk,bʼṵj ɾɔk
bone,Osso 1,,,,kɛ̂g,kʼɛ̂:g,,kʼɛ̰̌:gŋ,,
bone,Osso 2,kɨ̰:ʔ,kә̰:h,kʼ?:,,,kʼɛ̀gŋ,,kә́’,kә̂:ʔ
chest,Peito,,,,,,hũʔ,hɔ̃ʔtә̂:gŋ,hᴐ̃tәg,hɔ̃ʔtә̌:gŋ
adam’s apple,Pomo-de-adão,,,,ʔɔ̃̌ŋ’,ʔɔ̃ŋʔ,,ʔɔ̃ŋʔ,,
pubic hair,Pubis,ʃә:dn,ʃә:dn,sә:dn,câdn,ʃadn,sán,cãn,sãn,cã̌:n
lung,Pulmão,ʃapu:w,ʃapu:w,sapu:w,,,,pupuh,pupúh,pupû:h
chin,Queixo,ba̰:h,ba̰:h,,təgbǎx,báx,,,,
saliva,Saliva 1,cʼɔʃ,cʼɔʃ,, cɔ̌ʃ,cʼɔʃ,,,,cʼɔjh
saliva,Saliva 2,,,,,,,nɔ̃hʃǎ:w,nᴐhsáw,nɔ̃hcǎ:w
breast,Seio,,,,pûdn,pû:dn,pùdn,pû:dn,púdn,pû:dn
eyebrow,Sobrancelha 1,kʼә:dn,kʼɨ:dn,,,,,,,
forehead,Testa,mãboɾə,mãbuɾə,,,,,,,
navel,Umbigo,,,,pǔʃ,pǔ:ʃ,pùç,pǔ:ç,,popû:jʰ
fingernail,Unha,pɔ̃hbɔg,,,ʃɔbbɔk,bɔk,,bʼɔk,,pɔ̃hbʼɔ̰k mɔ̃hbʼɔ̰k
bee,Abelha (generico),hǐ:h,hǐ:h,,,hĩh,,,,hĩ̌:h
spider,Aranha 1,ʃãnãjo:ʔ,ʃãnẽjo:h,sanajo:h sanajo:,jɔʔ,jɔ̌:ʔ,,mbɔjɔʔ,yᴐ’,jɔ̌:ʔ
spider,Aranha 2,,,,ʃũ̌h,ʃũ̌:h,,cũ̌:h,sũh,cũ̌:h
cockroach,Barata 1,,,,ndǎp,nǎ:p,ndadáp,ndaɾap,ndadáp,ndahndǎ:p
cockroach,Barata 2,kabataɾə,kamãtaɾə,kamaɾa CHECK,,,,,,
Chigoe flea (Tunda penetrans),bicho-do-pé,dɛdn,dɛdn,dɛdn,dɛdn,dɛdn,nʼán,nʔǎ̃n,naadn,nʔǎ̃n
butterfly,Borboleta (generico),,,,mbɛbm,mɛbm,,bʼḛbʼḛp,,bebep
morpho butterfly (Morpho sp.),Borboleta,,,,mbɛbm xow’,xowʔ,kᴐɾᴐhᴐ̀gŋ,kɔɾɔhɔ̌:gŋ,hᴐg,hɔgŋ
wasp,Caba (generico),mãʔjuʔ,,,j’ɔ̌ʔ,jʔɔ̌:ʔ,yᴐ̀ʔ,jɔ̌:ʔ,yᴐ́’,jɔ̌:ʔ
wasp sp.,Caba 1 (sp.),ʔatɨ:d,ʔatɨ:d,atә:d,,,,,,
wasp sp.,Caba 2 (sp.),mũ:k,mũ:kŋ,,mũ̂,mũ̃̂:,mú,mũ̃̂:,muh,mũ̌:h
tick,Carrapato 1,,,,ʃɛ̂bm,ʃě:bm,tahsèbm,cě:bm,,cê:bm
tick,Carrapato 2,kʼawaɾɨ̰:b,kʼɨɾɨ̰:b,gawaɾʼә:b/gawaɾʼɨ:b,,,,,,
centopede,Centopeia,ʃʌ:j,,sә:j,kəw,ʃâ:j,sày,cǎ:j,,
termite,Cupim,,,,buʔ ʔɔ̃̂w,buʔ,mbʼúʔ,bʼṵʔ,mbuu’,bʼṵʔ
scorpion,Escorpiao,ʃʌ:j,ʃaj,sә:j,ʃâj,ʃaj,,,,caj
ant sp.,Formiga 1 (sp.),,,,,mob,,bobobm,,
ant sp.,Formiga 2 (sp.),kaɾaʔwaʔ,kaɾaʔwɛ̃t,kaɾewa,xaw’,xawʔ,,,,
army ant sp. (sp.),Formiga-correiçao 1,kako:ʃ,kuku:ʃ,,xoʃ,xoʃ,kóç,koç,,kô:jʰ
army ant sp. (sp.),Formiga-correiçao 2,ʃɨ̰̃:w,ʃã̰:w,sʼɨ̃ɨ̃w,ʃã̂w,ʃã̂:w,sàw,cǎ:w,,câ:w
sauva ant (sp.) (comestivel),Formiga-sauva 1,,,,hǔd,hǔ:d,hùdn,hǔ:dn,húdn,hǔ:dn
sauva ant (sp.) (comestivel),Formiga-sauva 2,wәg,wәg,,wək,wәk,wә́k,wәk,,wәk wә̌:gʔ
cricket,Grilo 1,,,,ʃuc ebm geɾal,ʃǔ:c,,cǔ̃:cʔ,,cũ̌:ɟʔ
cricket,Grilo 2,,,,,dǐ:t,,,,dî:dʔ
larva; caterpillar,Larvas,,,,tõ̌h,,,pɔpɔ̌:p,pᴐp,pɔ̂:p
honey,Mel,,,,nɛ̃̂g,nɛ̃̂:g,,nɛ̃̌:ŋ,nɛ́g,nɛ̃̌:ŋ
fly,Mosca,,,,cɔp,cʼɔ̰p,,cʼɔ̰p,,cʼɔ̰p
horsefly,Mutuca,bugŋ,buk,,bux,bux,mbʼúh,bʼṵh,mbuuh,bʼṵh
louse,Piolho,nã:m,nã:m,na:bm,nɛ̃̂m,nɛ̃̂:m,nɛ̀m,nɛ̃̌:m,nɛ́bm,nɛ̃̂:m
blackfly,Pium,,hṵ:gŋ,,hǒh,hǒ:h,húʔ,huʔ,hu’,huʔ
bullet ant (Paraponera clavata),Tocandira,wɨ:w,wɨ:w,wɨ:w,wɨ̂w,wɨ̂:w,wìw,wǐ:w,wíw,wî:w
firefly,Vaga-lume,hu:j,hu:j,,xǔj,xǔ:j,ih,huhǔ:j,huhúy,huhû:j
above,Acima 1,,tajɔ,,pɔx,,,hijoʔ,,
above,Acima 2,sakut,sukut,,,xô:d,,,,hǒ:dn
inside,Dentro,ʃu:dn,ʃu:dn,su:dn,kɛd,,,,,
under,Embaixo,ʔɨ:t ʔɨt,ʔɨt,ɨt hẽ,bɨ̌t,,,,,
deep,Fundo 1,,,,tû,,,wã̂:n,wãn,wã̂:n
deep,Fundo 2,tɔ̰̃p,tɔ̰̃p,,,,,,,
far,Longe 1,,0,,hɔ̃t,hɔ̃̌t,,hɔt,hᴐt,hɔt
upriver,Rio acima,takʼa:d,takʼa:d,,xôd,,,,,
village,Aldeia,,,,nĩh xɔ̌t,jɛ̃m,hãyám,hããm,yãm,jã̌:m
caatinga (area of sandy soil),Caatinga,wә̰:g,wә̰:g,,wə̌k,wә̰̌:k,,,,wә̰̂:g
overgrown fields,Capoeira,kʼәwpa:h,kʼәpa:h,,w’ǎh,ʔwah,,,,
fence,Cerca 1,,,,ʃâd,ʃâ:d,,hiʃǎ:dn,,
fence,Cerca 2,ʃu:j,ʃu:j,,,,,,,
overgrown,Cerrado (ervas),tagawә:ɟ,,,w’eɲ’,wʔeɟ,,,,
garden,Roca 1,kʼә:w,kʼә:w,,kâw,kʼâ:w,,,,
garden,Roca 2,,,,,,,bʼɔ̰̌:t,mbᴐᴐ́t,bʼɔ̰̌:t
rainbow,Arco-iris,sapahɔ̃d,mɔ̃hɔ̃d,,w’ad,,,,,
sand,Areia 1,ho:d,hu:d,ho:d,,,,,,
sand,Areia 2,,,,xɛ̂w,,,wɛgŋjǒ:h,,wê:gŋ
sky,Ceu 1,,poh,wә puh,pɔx,pɔx,,poh,,poh
rain,Chuva,do:ʃ doɟ,du:ʃ,ado:s,dɔɟ,doɟ,,dʼo̰ɟɲ,,dʼo̰jɟɲ
star,Estrela,,,,m’ɛ̃̌h,m̰ʔɛ̃̌:h,,weɾom̰ʔɛ̰̃h,,weɾom̰ʔɛ̃̌:h
lake,Lago,mɔ̃:h,,,m’ɔ̃h pequeno mɔ̃̂ gɾande,m̰ɔ̃h,mᴐ́h,mɔ̃h,mᴐh,mɔ̃̌:h
fog,Neblina,cʼɨ:g,cʼɨ:g,acɨg,bɨg ʔû,,,cʼɨ̰̌:k,sɨɨ́k,cʼɨ̰̌:k
stone; hill,Pedra 1,,,,pǎʃ,pǎ:ʃ,,pǎ:ç,,pâ:jʰ
stone; hill,Pedra 2,pʌʔ,pʌʔ,pʌ,,,,,,
river,Rio,tãmi:̃h,tãmĩ:h,tami:h,ndə̌x pôg,mĩʔ,ndehmí,ndehmĩh,mi,mĩ̌:h
sun,Sol 1,,,,xɨtɨ̂bm xotɨ̂bm,xɔtɨbm,,wɛɾɔ̂:,wɛɾhᴐ,wɛɾhɔ̂:h
sun,Sol 2,papɨ̃:j,papã:j,papɨ̃ɨ̃j,,,,,,
ground,Solo,tũ:ʔ,tũ:ʔ,,tû,tû:,tù,tû:,túh,tǔ:h
earth; land,Terra,cʼʌgŋ,cʼʌkŋ,cʌgŋ,cax,cʼax,,cʼa̰h,saah,cʼah
thunder; lightning,Trovao 1,,,,pɛ̃j,pɛ̃j,,pɛ̃j,pɛ̃y,pɛ̃j
thunder; lightning,Trovao 2,daɾugŋ,nãɾukŋ,daɾugŋ,,,,,,
wind,Vento,baʔṵd,ho:d,,hǒt,hǒ:t,mbúdn,bohǒ:t,wohót,wohô:t
grandfather,Avô,ʔo:w,ʔɔ:w,o:w,xed avó: pə̌ʔ,,wʼә̀t,ʔuw,,ʔǔ:wah
affine,Cunhado,jo̰:h,jɔ̰:h,jʼo:h,yɔ̂,jɔ̂:,,ʔajɔ̌:h,yᴐ́h,jɔ̂:h
wife,Esposa,ʔɨ̃:m ʔʌ̃m,ʔɨ̃̃:m,ɨ̃ɨ̃m,ʔã̂m,ʔã̂:m,,,,
daughter,Filha,to:g,tu:g,to:g,tôg,tôg,tógŋ,tôg,tóg,tôg
sister,Irma,ʔãɲ,ʔãj̃,ʌ̃ɲ,wɔh ʔã̂j,wәʔãj̃,,,,
mother,Mãe,ʔɨ̃:n,ʔaʔɨ̃n,ɨ̃ɨ̃n,mã̌m mɛ̃ʔ voc,,hiyóʔ,ʔĩ̌:n,,
husband,Marido,patug,tapatug,patug,tug,tug,,,,
father,Pai 2,ʔe:ʔ,ʔe:ʔ,,ʔɛh voc,ʔɛh,,ʔɛ̌:h,,
uncle (mother’s brother),Tio (materno),kʼɔd kʼad,kʼɔd,gᴐd,kɔt also sogɾo,kʼɔ̰t,,kʼɔ̰t,kᴐᴐt,kʼɔ̰ʔ
fish,Peixe (generico),hɨ̰̃:b,hã̴̰:b,tahʼɨ̃ɨ̃b,hã̌p,hǎ̃:p,hә́bm,hɔ̃̌:p,hᴐ̃p,hɔ̃̂:p
acará fish (Familia dos ciclideos),Acará (sp.),dobm,dobm,,dobm,dobm,ndʼóbm,dʼo̰bm,ndoobm,dʼo̰bm
aracu fish (familia dos anostomideos),Aracu (sp.),,,,xɔt,xɔt,pᴐhᴐ́t,pɔhɔt,wᴐhᴐt,wɔhɔt
stingray (Potamotrygon sp.),Arraia,cʼa̰:h,cʼɛ̰̌:ʔ,cʼa:,cɛ̌ʔ,cʼɛ̰̌:ʔ,sʼɛ̀ʔ,cʼɛ̰̌:ʔ,sɛɛ́’,cʼɛ̰̌:ʔ
fish sp. (Erythrinus sp.),jeju (sp.),dɔg,,,dɔk,dɔk,,dʼɔ̰k,ndᴐᴐk,dʼɔ̰k
swamp eel (Synbranchus marmoratus),Muçum,,cʼog,,cog,cʼog,,,,
Amazonian manatee (Trichechus inunguis),Peixe-boi,jaɟ,ja̰:ɟ,wajac,jâc,jâ:c,,,,
fish (esp. minnows),Piaba (sp.),,,,j’ôg,jô̰:g,yo,jǒ:gŋ,yoog,jǒ:gŋ
electric eel (Electrophorus electricus),Poraque,cʼabud,cʼabud,cabud,but,but,suʼbút,cʼubʼṵt,mbuut,bʼṵt
barred sorubim (Pseudoplatystoma fasciatus),Surubim,,,,pɔ̌j,pɔ̌:j,,pɔ̌:j,,pɔ̌:j
brown hoplo (catfish) (Hoplosternum littorale),Tambuata,,,,ʔɔ̃̌ʔ,ʔɔ̌̃:ʔ,ᴐ̀ʔ,ʔɔ̌:ʔ,,ʔɔ̌:ʔ
trahira fish (Hoplias sp.),Traira,bo:j,,bo:j,bôj,bô:j,mbʼòy,bʼǒ̰:j,mboóy,bʼô̰:j
scale,Escama,pʌd ,pʌd ,,pec,pec,pés,pec,,pě:ɟ
bait,Isca,nɨ̃:ʔ,nɨ̃:ʔ,,nĩʔ,nĩ̌:ʔ,,nɨ̃̌:w̰ʔ,,nɨ̃̌:wʔ
fish lice,Piolho-de-peixe,jɛɟ,,,jɛ̂,jɛ̂:,,,,
1sg,1sg Eu,ʔɨ̃h,ʔɨ̃h,ɨ̃ɨ̃h,ʔãh,ʔãh,ã́h,ʔãh,,ʔãh
2sg,2sg Voce,ʔɔ̃m,ʔɔ̃m,õm,ʔãm,ʔãm,ám,ʔãm,,ʔã̌m
3sg,3sg Ele,,,,tih,tih,tɨh,tɨh,tɨh,tɨh
2pl,2pl Voces,,,,ndɨg,nɨ̃g,nɨ́gŋ,nɨ̃ŋ,nɨg,nɨ̃̌:ŋ
3pl,3pl Eles,,,,hid,hid,hɨ́dn,hɨdn,,hɨ̃̌:n
how,Como (inter.),,,,hĩn’,hĩnĩʔ,,hĩnʔ,,
no,Não 1,do:h,du:h,do:h,?,dǒ̃h,,nɨ̃h,,nãh
no,Não 2,mã:ʔ,,,mɛ̃h,mɛ̃h,,pã̌:,,
reported evidential,Reportativo,mɨ̃h,,,mãh,mãh,mah,mãh,,
bitter,Amargo,cʼʌgŋ cʼә:h,cʼʌgŋ,,câ,cʼâ:,cʼa,cʼâ̰:,saa,cʼâ̰:
sour,Azedo 1,mãcʼigŋ mãcʼi:h,mãcʼigŋ,,ʃɨ̂w,cʼî:,,,,
sour,Azedo 2,,,,cî food going bad,,,kʼĩ̂:,kii,kʼḭ̌j
good,Bom,nɨ̃:w̃,nã:w̃,,jɛ̃̂w,,náw,nã̌:w̃,naw,nã̌:w̃
fierce,Bravo,,,,təw,tә̂:w,tә́w,tә̂:w,tәw,tә̂:w
stink,Catinga; fedor,,,,mbudn,mudn,,mbudn,,
long,Comprido 2,ɾɔbm ɾɔw,,,jɔbm long toɾso – animate,jɔw jɔbm,,,,
cooked,Cozido,tә:d,tә:d,,xǎh,,,,,
sweet,Doce,kʼә:h kʼә̰:h,kʼә̰:h,eg?:h,kəh,kʼәh,kʼә́h,kʼә̰h,kәәh,kʼә̰h
hard,Duro,ʔabagŋ ʔiba:h,ʔabagŋ ʔabah,,bɛʔ,bɛʔ,tabʼàʔ,tabʼa̰ʔ,tabaa’,tabʼa̰ʔ
rolled up,Enrolado (fios),,,,n’ɛ̃w’,new̰ʔ,ndéw,ndew,,
thin,Fino,ʃa̰:p ʃa:b,,sawasa:b,ʃə̌p foɾ mbateɾial e.g. wood cloth etc.,ʃә̌:p,sәsә̀w,cә̌:p,,cә̂:p
strong,Forte,jo:ɟɲ jo:j,jo:j,,wɨbm,,,,,
weak,Fraco 1,,,,wɛ̌j,wɛ̌:j,,wɛ̌:j,wɛy,wɛ̌:j
weak,Fraco 2,,,,,wɛj,,wɛj,wɛy,wɛj
cold,Frio 1,,,,baʔ things people wateɾ,,,tut,tut,tǔ:t
cold,Frio 2,hә:bm hә:w,hә:bm,hahә:bm,,,,,,
big,Grande,pogŋ,bog,,peg pôg,nәxpog,póh,pogŋ,póg,pogŋ
thick,Grosso,,,,peʃ,,kʼãʔ,kәʔ,kә’,kәʔ
soft,Mole,,,,jûd,jû:d,,,,jû:dn
small,Pequeno,,,,piʃ,piʃ,,,, is
hot,Quente 1,,,,kɨ̌ʔ agua,kʼɨ̰̂:,,kʼɨ̰̂,,
hot,Quente 2,juʔ,juʔ,baju,hɛ̃d jǔʔ comida peesoa febɾe jǔʔ ano,juʔ,,,,
round,Redondo,kʼaɾaɾebm kʼaɾaɾew,kʼanãɾebm,,lebm ndebm,lebm nebm,ndeɾébm,ndeɾebm,,debm
straight,Reto,,,,jɔw,jɔ̂:w,yú,jɔ̂:w,,jɔ̂:w
dry,Seco,,,,xɔp,,,hә̂:bm,hәbm,hә̂:bm
dry (tree),Seco (arvore),to:h tɔgŋ,to:h,bʼa: to:h,tɔ̌h,tɔ̂:,tᴐ́,tɔ,tᴐ,tɔ̂:
TRUE,Verdadeiro,,,,xǔp,xup,,,,hub
alive,Vivo,,,,jɨbm vivo ʔɨb acoɾdaɾ,ʔɨb,ɨbʼ,ʔɨb,,
two,Dois,,tɨbmwɔp,,tɨ̌bm cf. tɨbm ‘eye’,tɨ̌:bm,,,,
bundle,Feixe 1,,,,kǔk,kʼok,,kʼuk,,
bundle (of strings),Feixe 2 (de fios),,,,mbɔ̂g,mɔ̂:g,,bɔ̂:gŋ,,
half,Metade,,,,tǔt,tǔ:t,,,mih tut,mĩhtû:t
pair; companion; twin ; gemeo,Par; companheiro,mãb,,,mbǎm’,mã:bmʔ,mbábʼ,mbǎ:bmʔ,,
piece,Pedaco,bʌh,,,bǎx,bǎ:x,mbʼah,bʼa̰h,,
plural,Plural 1,poʔwɔp tamãʔwob,tɨbmwɔp poʔwɔb,,,,,,,
plural,Plural 2,,,,hawap quantos?,hawap mutwap,,aʔap haʔap,,
tortoise (yellow-footed) (Geochelone denticulata),Jabuti 1,,,,mĩ̌ʃ,mĩ̌:ʃ,mìh,mĩ̌:h,míh,mĩ̂:jh
tortoise (yellow-footed) (Geochelone denticulata),Jabuti 2,mãtug,mãtug,matug,,,,,,
small lizard,Calango (sp.),,,,buɟ,,ᴐ́w,ʔɔw,ᴐw,ʔɔw
caiman,Jacare (generico),,,,xɛ̌t,xɛ̌:t,hàt,hǎ:t,hát,hâ:t
pit viper (Bothrops sp.),Jararaca 1,bʌ:w,bʌ:w,,bâw,bâ:w,,bʼâ̰:w,mbaaw,bʼǎ̰:w
pit viper (Bothrops sp.),Jararaca 2,kʼatɨ̃:j̃,,gatɨ̃ɨ̃j,təghĩ̂,tәghĩ̂:,tɨ̃hɨ̃́y,tɨ̃hɨ̃̂:j̃,tɨ̃hɨy,tɨ̃hɨ̃̌:j̃
lizard,Lagarto (sp.),cʼabu:ɟ,cʼabu:ɟ,,,,,,,
South American bushmaster (snake) (Lachesis muta),Surucucu,ha:k,ha:kŋ,,xɛ̂g,xɛ̂:g,hɛ̀gŋ,hɛ̌:gŋ,hɛ́g,hɛ̂:gŋ
diving lizard (Uranoscodon superciliosus),Tamacuaré (sp.),,,,?,ʃәʔwәbm,wʼә̀t,cәw̰ʔәbm,wәәbm,w̰ʔә̌:bm
now,Agora,,,,têdn,tê:dn,tɛn,tɛ̌̃:n,,
still,Ainda,,,,těh,tɛ̂:,tɛ́,tɛ̂:,,
day,Dia 1,hewag,muwagŋ,,wə̌t,,,wagŋ,,wagŋ
day,Dia 2,ʔadәb,ʔadɨb,adәb,,,,,,
yesterday,Ontem,cʼɛbm,cʼɛbm,,cɛ̌bm,cʼɛ̌:bm,sím’,cʼã̰̂:m,sãam,cʼã̰̌:m
late,Tarde,tũ:h,tũh,tug,duʔ,duʔ,ndʼúʔ,dʼṵʔʔ,,
fishhook,Anzol,koɾã:j,koɾã:j,,lǎj’,lǎ:jʔ,,,ndáy’,ndâ:jʔ
bow,Arco 1,kaɾabaʔ,kaɾabaʔ,kaɾaba,,,,,,
bow,Arco 2,,,,cɔk kĩɲ ‘flecha’,kʼḭ̃ɲ,,kʼḭgbah,,kʼḭgŋwah
baggage,Bagagem,,,,kaʃpaj,kaʃpãj̃,páy,paj,,
canoe,Canoa,ho̰:h,hɔ̰:h,hʼo:h,xɔ̂,xɔ̂:,hᴐ́p,hɔ̌:h,hᴐ́h,hɔ̂:h
house; hole,Casa 1; buraco,mɨ̃:j̃,mɨ̃:j̃,,mã̂j,mã̂:j̃,,mǒ̃:j̃,,mõ̂:j̃
house,Casa 2,tɔb,tɔb,tᴐb,tɔp,tɔp,,tɔp,,
basket (disposable),Cesto 1,,,,mãc disposable made of leaves,ʃeʔmãc,,mãɲ cɛʔ,,cɛʔ mã̌:ɲ
basket; aturá,Cesto 2,,bɨ:j,,bəj atuɾa,bәj,,,,
necklace; bead,Colar,mãjo:ɾ,mãjo:ɾ,majo:ɾ,kɛdhɛ̃̂ also ‘miçanga’,,,,,
things,Coisa,,,,?,hɛ̃̌:h,hɛ́w,hɛ̃̌:h,hɛ̃́h,hɛ̃̌:h
gourd dipper,Cuia 1,,,,bɔʔ,bɔʔ,,bʼɔ̰̌:ʔ,mbᴐᴐ́’,bʼɔ̰ʔ
gourd dipper,Cuia 2,ʔәk,ʔәk,әk,,,,,,
shotgun,Escopeta,tәg,tɨg,tәg,xâw’,,tègŋ,tegŋ,teg,tegŋ
mirror,Espelho 1,,,,hũjwə̌k,wә̂:k,,mɔ̃jwә̂k,,jә̂:k
mirror,Espelho 2,japow,jehpow,,,,,,,
machete,Facão,,,,wã̂n,wã̂:n,wàn,wã̌:n,,wã̌:n
flute,Flauta,,,,?,,nɨ́h,pĩ̌:h,pĩ́h,pĩ̌:h
hook,Gancho,kә:ʔ,kʼa̰:h,,kɔ̂,kʼɛ̌:ʔ,,,,
shelf; smoking grid,Jirau,,,,julâ shelf wab smoking gɾid,wab,wәgŋ,wabm,wabm,wǎ:bm
axe,Machado,mɨ̃:m,mɨ̃:m,mɨ̃ɨ̃m,mã̂m,mã̂:m,mᴐ̀m,mɔ̃̂:m,mᴐ́bm,mɔ̃̂:m
pot,Panela 1,,,,bɔk,bɔk,,bʼɔ̰k,mbᴐᴐk,bʼɔ̰k
pot,Panela 2,ʃaɾe:j,ʃeɾe:j,saɾe:j,,,,,,
circle,Peconha,põ̰:d,po̰:d,,pɔ̌t,pɔ̌:t,pᴐ̀t,pɔ̌:t,pᴐ́t,pɔ̂:t
comb,Pente,pәʃ,,,pə̌ʃ,pә̌:ʃ,pә̀ç,pә̌:ç,,pә̌:jh
door,Porta,tɔbnɔ̃:h,nɔ̃:h,,jɔ̃h,tɔpjɔ̃h,mú,mɔ̃jɔ̃̌:h,,
grater,Ralo,,hãb,,hɨ̃̌p,hɨ̌̃:p,hɨ̃p,hɨ̌̃:p,hɨ̃́p,hɨ̌̃:p
hammock,Rede,jag,jag,jag,jɛg,jɛg,yàgŋ,dʲagŋ,yag,jagŋ
clothes,Roupa,,,,jûdn,jû:dn,yùh,jǔ:dn,yúdn,jû:dn
scissors,Tesoura,,,,hɛ̌j’,hɛ̂:j̰ʔ,,hɛ̌hɛ̌:j̰ʔ,hɛy’,hɛ̂:j̰ʔ
blowgun,Zarabatana 1,,,,bǎk,bǎ:k,,cabʼǎ̰:k,mbaák,bʼǎ̰:k
blowgun,Zarabatana 2,ʃo̰:w,ʃo̰:w,sʼo:w,,,,,,
tree (generic),Arvore (generico),bʌ̰:h,ba̰:h,bʼa:h,bɛ̂,bɛ̂:,,,,
cotton (kapok),Algodão 1 (sp.),kawad,kawad,kawad pu:w,,,,,,
cotton (kapok),Algodao 2 (sp.),ʃawɨk,ʃɨwɨkŋ,sawɨk,wuk,wuk,,cuwǔ:k,wúk,wû:k
cipó vine,Cipó (generico),ju:bm,,ju:bm,jubm,jubm,yúbm,jubm,yubm,jǔ:bm
cipó sp. (Philodendron imbé),Cipó-de-imbe,,,,w’ə̌k,ʔwәk,,wě:k,wék,wê:k
cipó sp.,Cipó (sp.),ʃaɾo:p,ʃoɾo:p,saɾo:p,,,wɛɾᴐ́,,,
coca (Erythroxylum coca),Coca,batoʔ,,bato,tuʔ,tuʔ,,,,
embauba (tree) (Cecropia sp.),Embauba 1,cʼakod,cʼakod,,,,,,,
embauba (tree) (Cecropia sp.),Embauba 2,bo:h,,,bô,bô:,mbʼòh,bʼɔ̂:̰h,,bʼɔ̂:̰h
embira (tree w/ cloth-like bark) (familia das anonaceas),Embira 1,ʃɨ̰:b,ʃɨ̰:b,sʼɨ:b,ʃɨ̌p,ʃɨ̰:p,,,sɨɨp,ʃɨ̰:p
embira (tree w/ cloth-like bark) (familia das anonaceas),Embira 2,,,,,,sɛ́,cɛ̂:,sɛɛ,cɛ̌:h
purpleheart (tree) (Peltogyne paniculata),Escorrega-macaco,pә:w,pә:w,,bə̂w,bә̂:w,,bʼә̰̂:w,mb’ә̀w,bʼә̰̂:w
cow tree (Couma sp.),Sorva,wabә:h,,,bə̌h,bә̌:h,,bʼә̌:h,,bʼә̌:h
tobacco (Nicotiana tabacum),Tabaco,hũ:t,hũ:t,hũ:t,hũ̌t,hũ̌:t,hũ̀t,hũ̌:t,hũt,hũ̌:t
fish poison plant/vine (plantas ictiotoxicas),Timbo (generico),dṵ:j,dṵ:j,dʼu:j,dǔʃ,dǔ:ʃ,ndʼùç,dʼṵ:ç,,dʼṵ̂:jʰ
tururi (tree with useful fibers) (Sterculia sp.),Tururi,,,,bob,bob,,bʔobm,,
bark,Casca,bɔg,bɔg,tabᴐg,bɨk,bɔk,,bʼɔ̰k,mbᴐᴐk,bʼɔ̰k
tree trunk?,Cerne 1,cʼɨ̰:d,cʼɨ̰:d,,cǎt aɾvoɾe duɾo,cʼǎ:t,,,,
tree trunk?,Cerne 2,,,,,,,sәʃә̌:w,sәsә́w,cәcә̂:w
spine; thorn,Espinho,,,,ʔǔt,ʔut,ùt,ʔut,,ʔud
flower,Flor,cʼo̰:h,cʼo̰:h,cʼo:h,cɔ̂,cʼô̰:,,cʼô̰:,,cʼô̰:h
leaf,Folha,kʼa̰:d,kʼa̰:d,gʼa:d,kɛ̌t,kʼɛ̰̌:t,kʼɛ̀t,kʼɛ̰̌:t,kɛɛt,kʼɛ̰̂:t
root,Raiz 1,,,,tǐʃ ɾoots in/odn gɾound,tǐ:ʃ,tìh,tǐ:h,,tî:jʰ
root,Raiz 2,kɔbm,kɔbm,kᴐbm,xɔbm ɾoots extending fɾobm tɾunk to gɾound,xɔbm,,,,
seed,Semente 1,tɨbm,tɨbm,tatɨbm,tɨbm,tɨbm,,,,
seed,Semente 2,,,,,,,wәgŋ,wәg,wә̂:g
fruit,Fruta (generico),ʔag,ʔag,ag,ʔɛg,ʔɛg,ágŋ,ʔagŋ,,ʔagŋ
pineapple (Ananas sativus),abacaxi,,,,?,jɔ̂:j,yᴐ̀y,jɔ̌:j,yᴐ́y,jɔ̂:j
pineapple (Ananas comosus),Abacaxi,mãwã:d,mãwã:d,mawã:d,wã̌n,wã̌:n,,,,
banana (Musa sp.),Banana 1,mãʃe:ɾ,mãʃe:ɾ,mase:ɾ,ʃêl’,ʃelʔ,,,,
banana (Musa sp.),Banana 2,,,,,,pɨhɨ́t,pɨhɨ̌:t,wɨhɨt,wɨhɨ̌:t
banana (Musa sp.),Banana 3,pãnã:ɾ pãnã:l,pãnã:ɾ,pana:ɾ,nã̂l’,nã̌:lʔ,,,,pãnãh
cashew (Anacardium sp.),Caju,,,,waʃap,,yahám,ɲãhãm,yãham,jãhã:m
Amazonian tree-grape,Cucura 1,,,,huh,huh,ndʼak,mbuhuh,,
,(Pourouma cecropiaefolia),,,,,,,,,
Amazonian tree-grape (Pourouma cecropiaefolia),Cucura 2,taɾapo:ʔ,ʃaɾapu:ʔ,taɾapo:,,,,,,
inga (Inga sp.),Inga 1,kãmɛ̃ʔpiʔ,kʼupiʔ,kamepi,,,,,,
inga (Inga sp.),Inga 2,,,,mbîdn,mĩ̂:n,mìn,mĩ̌:n,mídn,mĩ̂:n
Ira-pixuna,Ira-pixuna,,,,ndôg,nô:g,ndògŋ,ndôgŋ,,
(tree) (Erisma japura),(Coccoloba pixuna),,,,,,,,,
açaí palm (Euterpe sp.),Açai,mãnãg,mãnãg,,nã̌k,nã̌:k,,,,
bacaba palm (Oenocarpus sp.),Bacaba 1,wʌgŋ,wʌkŋ,wʌgŋ,wax wǒɾ,waxwǒ:h,,wohsiwib,,wawǒ:h
caraná palm (Mauritia sp.),Caraná,kapo:ɟɲ,tapo:ɟɲ,,pɔ̂j,pɔ̂:j,,,,
peach palm (Bactris gasipaes),Pupunha 1,,,,cɨ̂w,cʼɨ̂:w,,cʼɨ̌:w,sɨɨ́w,cʼɨ̰̂:w
dioscorea (tuber) (Dioscorea sp.),Cara 1,mãnãʔɨ:dn,ʔɨ:dn,manaɨ:dn,ʔîdn,ʔĩ̌:n,,,,
dioscorea (tuber) (Dioscorea sp.),Cara 2,,,,,,,cʼã̰h,sãah,cʼã̰h
mushroom,Cogumelo (sp.),pәbm,pәbm,bʼa: pәbm,pəm’,pәb pәbmʔ,pàç,pәbʔ,,pәbʔ
manioc (Manihot utilissima),Mandioca,,,,jǎk,jǎ:k,kayak,kajak,,jâ:k
chili pepper (Capsicum sp.),Pimenta 1,,,,xɔw,xɔw,kᴐ́w,kɔw,kᴐw,kɔw
chili pepper (Capsicum sp.),Pimenta 2,po̰:h,pɔ̰:h,pʼo:h,,,,,,
rubber,Borracha,tʌg,tʌg,bʼa: tʌg,tǎk,tǎ:k,tàk,tǎ:k,ták,tǎ:k
ash,Cinzas 1,,,,xuʔ,,,tuh,túh,tuh
ash,Cinzas 2,ʔo:j,ʔɔ:j,o:j,,,,,,
tree (bound form),Designativo de arvores,tә:g,tә:g,t?:g,təg bound foɾbm,tә̂:gŋ,tegŋ,tê:gŋ,teg,tê:g
wood,Lenha,,,,bɛduh,duh,,dʼṵh,nduúh,dʼṵh
stump,Toco,,,,ndɨd,nɨd,ndó,dɨdn,,
curare poison (Strychnos sp.),Veneno 1,,,,nã̌m,nã̂:m nã̌:m,,nã̌:m,,nã̌:m
curare poison,Veneno 2 (sp.),pɨ̰:bm,pɨ:bm,pʼɨ:bm,wɨbm stɾong,,nàm,pɨ̌:bm,,pɨ̌:bm
1pl,1pl Nos,ʔә:ɾə,,ә:ɾ,ʔid,ʔid,ɨ́n,ʔɨ̃n,ɨ̃n,ʔɨ̃̌:n
water,Agua,naʔәgŋ,naʔәgŋ,naәgŋ,ndə̌x,nә̌:x,ndèh,ndě:h,ndéh,ndê:h
tapir,anta (tapirus terrestris),tʌ̰:gŋ,tʌ̰:kŋ,tʼә:gŋ,tǎx,tǎ :x,tàh,tǎ :h,tàhtáh,tǎ :h
wing,Asa,takәg,takәg,kәg,xê,xê:,ké,kê:,ke,tәkeh
bacaba palm,Bacaba 2,ʃawɨ:bm,ʃɨwɨ:bm,sawɨ:bm,wîbm,wî:bm,wᴐ́s,ciwǐ:bm,wíbm,wî:bm
buriti palm,Buriti,cʼʌ̰:g,cʼʌ̰:g,cʼә:g,cǎk,cʼǎ:k,sʼàk,cʼǎ̰:k,saák,cʼâ̰:k
look for,Buscar,hɨ:dn,hɨ:dn,eh?:dn,,,NF,,,
path,Caminho,tɨ:w,tɨ:w,tɨ:w,tɨ̂w,tɨ̂:w,tiyìʔ,tǐ:w,tíw,tî:w
mosquito,Carapana,,kʼɨ:j,gɨ:j,ʃɔ̃̂,,kʼí,kʼî:,kii,kʼijǐ:h
charcoal,Carvão,ʃәh,ʃәh,sәh,ʃə̌x,ʃә̌:x,tegsә̀h,cә̌:h,,
sky,Ceu 2,wәʔ,wә:ʔ,wә,?,wә̌:ʔ,,,,
snake sp.,Cobra (sp.),ʔawɨ̰:ʔ,ʔawɨ̰:h,awʼɨ:,,,,,,
long,Comprido 1,dawɨ:t dawɨd,nɨwɨ:t,daw?:t,w’ət,w̰ʔәt,wʼә́t,w̰ʔәt,wәәt,w̰ʔәt
cut (through/off),Cortar 3,kʼakɨ:t ,kʼakɨd,gakɨ:t,xɨ̌t cut thɾough/off,xɨ̌: t,kɨt,kɨt,,
grow; climb,Crescer 2; subir,ʃә̰:g,ʃә̰:g,asә:k,ʃǎk,ʃâ:k,sak,cak,sak,
be suspended (in hammock; canoe),Deitar 1,kʼʌʔ kʼә:ʔ,,agʌ,kaʔ nda ɾede canoa pinduɾaɾ,kʼaʔ,kʼãʔ,kʼã̰ʔ,kãʔ,kʼã̰ʔ
tooth,Dente,tәg,tәg,tәg,təg,tәg,tә́gŋ,tәgŋ,tәg,tәgŋ
vine; cord,Em forma de fio (cipo),tɨd,tɨd,tɨd,tit,tit,tɨ́t,tit,tɨt,tɨt
hide,Esconder,jәdn,jәdn,kejәdn,jêdn,jê:dn,yә́dn,jә̂:dn,yәdn,jәdn
stand,Estar em pe,gә̰:d,gә̰:d,ag?:t,kə̌t,kә̌t,kʼet,cakʔet,,kʔedʔ
forest,Floresta,hʌ:j,hʌ:j,hә:j,xâj,xâ:j,hày,hǎ:j,háy,hâ:j
fire,Fogo,tә:g,tә:g,t?:g,bohɔ̃̂ bɔ̃hɔ̃̂ lenha: biduh bɛduh,tә̌:ʔ,tègŋ,tě:gŋ,tég,tê:gŋ
fire ant,Formiga-de-fogo,ʔɨ:h,ʔɨ:h,ɨ:h,ʔɨ̂,ʔɨ̂:,ɨ̃̀h,ʔɨ̃̌:h,,
fat; grease,Gordura 2,ʃɨ:j,ʃɨ:j,sɨ:j,,,,,,
man,Homem 1,ʔajɨ̰:ʔ ʔajɨ:ʔ,ʔajɨ̰:h,ajʼɨ:,,,tiyìʔ,tijǐ:ʔ,yí’,jî:ʔ
caiman (sp.),Jacare (sp.),wә:ʔ,wә:ʔ,wә:,,,,,,
japurá (tree),Japura,jawʌk,wakŋ,jawәk,wak,wak,yawák,jawak,wak,wǎ:k
far,Longe 2,dawә̝:ʔ,nãwɨ:h,daw?:,,,wʼéh,,,
white-fronted capuchin monkey,Macaco-caiarara,hә̝:w,hә:w,h?:w,,,hɛ́w,hɛ̂:w,,
bat,Morcego 2,wәbm,wәbm,wәbm,,,,,,wә̌:bm
bite,Morder,kʼәʃ kʼә:j,kʼәʃ kʼә:j,egәs,kəʃ,kʼәʃ,kʼәç,kʼәç,kәәç,kʼәjʰ
night,Noite,cʼәbm,cʼәbm,acәbm,cebm,cʼebm,sʼә́bm,cʼә̰bm,sәәbm,cʼә̰bm
name,Nome,hʌd hʌt,hʌ̰:d,hʌd,xǎt,xǎ:t,hàt,hǎ:t,hát,hǎ:t
eye,Olho,mãtɨbm,mãtɨbm,matɨbm,tɨbm,tɨbm,tɨ̀bm,,,
hear,Ouvir 1,wә:ʔ wәʔ,wәʔ,ma new?:,wə̌’,wәʔ,wә́ʔ,wәʔ,,
hear; understand,Ouvir 2; saber,pʌh pә:h,pa:h,hapʌh,pǎh,pǎ:h,NF,pãh,pãh,pãh
father,Pai 1,ʔɨb,ʔɨb,ɨb,ʔǐp,ʔǐ:p,,ʔǐ:p,íp,ʔǐ:p
bird,Passaro (generico),tawә̰:d,tәwә̰:d,tawʼә:d,təwə́t,tәwә̌t,wɛ̀y,wě:t,wét,wê:t
seje palm,Pataua,wʌgŋ,wʌkŋ,wʌgŋ,wax,wax,wáh,wuh,wah,wǎ:h
foot,Pe,cʼɨ:bm,cʼɨ:bm,cɨ:bm,cɨ̂bm,cʼɨ̂:bm,sʼìbm,cʼḭ̌:bm,siíbm,cʼî:bm
heavy,Pesado,jawɨk,jɨwɨkŋ,jawɨk,təw’,,yiwík,jiwik,wik,wik
black,Preto,cʼәgŋ,cʼә:h,cʌŋ?,câ,cʼ â:,sʼá,cʼ â̰:,saa,cʼ â̰:h
peach palm,Pupunha 2,jә:ʔ,jɨ:h,j?:,,,,,,
adolescent boy,Rapaz,pahә:w,pʌhʌ:w,pahә:w,pɛɟxǎw,pɛdxâ:w,pɛ̃y,pɛʃâ:w,,pɛdhǎ:w
clear brush/trees,Roçar 1,kʼә:bm kʼә:w,kʼә:w,gә:w,xǎp coɾtaɾ plantas pequenas pɾimeiɾo kâw deɾɾobeɾ aɾvoɾes,kʼâ:w,,,,
blood,Sangue,mãjɨ:w mãjɨ:bm,mɨ̃jɨ:w,majɨ:w,jɨ̂w,jɨ̂:w,mbiyìw,mbĩjî:w,,dîw
dirty,Sujo,tә:w,,t?:w,tə̌w’ sujeiɾo dɨj peɾsodn coloɾ shade cik things,tә̌:w̰ʔ,sʼàw,cʼǎ̰:w̰ʔ,saáw’,cʼǎ̰:w̰ʔ
ucuqui (tree),Ucuqui,mʌ̃ʔ,mʌ̃ʔ,mʌ,mɨ̃̂,mɨ̃̂:,mɨ̀h,mɨ̃̌:h,mɨ́h,mɨ̃h
achiote; anatto,Urucum,hә̰:w,hә̰:w,hʼ?:w,hə̂w,hә̂:w,hә̀w,hә̌:w,hә́w,hә̂:w
old woman,Velha,wahәh wahɨ̰:h wah,,wahʼ?:,ʔãjhən ʔãjwâ ʔãjwǎh,,wá,wâ:,wәhә́h,tәwәhә̌:h
vomit,Vomitar,hә:dn,hә:dn,ehә:dn,xâdn,xâ:dn,hohòʔ,hɔ̃̌:n,hᴐ̃n,hɔ̃n
