gloss_pt,gloss_en,mbj_rc_m05,mbj_rc_eppsob,mbj_rn_m05,daw_m05,daw_eppsob,daw_orth_epps,hup_m05,hup_ramepps,yhp_m05,yhp_silva
beiju,flatbread,--,,--,bǎ:ʔ ̚,bǎʔ,baá’,ɓǎ̰:ʔ ̚,bʼàʼ,ɓâ̰:ʔ ̚,NF
comida,food,--,,--,wɛ̌:d,wěd,weéd,wɛ̌:dn,wed,wɛ̂:dn,wén
goma,tapioca,ʃɛ̃jnũ:h; ʔenũh,,nũ:h,nũ̌:h,nũ̌h,nuúr,nũ̌:h,nùh,nũ̂:h,núh
girino,tadpole,--,,--,nud,nǔd,nuúd,nduɾudn,durùd,--,dud un
rã,frog,--,,c ʼ ʌ̰: j,c ʼ â: j,câj,çaày,--,sʼày,--,saáy
rã (sp.),frog (sp.),woh,,woh,woh,woh,wôr,woh,wö́h,woh,wä
rã (sp.) (Leptodactylus sp.),frog (sp.),jɤgŋ,,jɤkŋ,jəx,jəx,yâx,jɤx,,--,
rã (sp.),frog (sp.),jṵ:ʔ,,--,jǔ:h,jǔh,yuúr,jǔ:h,,jǔ:h,
sapo (fam. dos bufonídeos),toad,c ʼapɤ ʔ,,c ʼapɤ :h,pɤ̌:ʔ,pə̌ʔ,pâá’,--,,--,
animal de caça,game (hunted animal),--,,--,hũ̂:,hũ̂,rũù,hũ̂:,NF,hũ̂:h,hũh;hũ
cuandu 1 (porco-espinho) (fam. dos bufonídeos),porcupine,kako: ʃ,kakoos yb,kaku: ʃ,--,,,--,NF,--,NF
cuandu 2 (porco-espinho) (fam. dos bufonídeos),porcupine,--,,--,pû:g,pǔg,puùg,pû:gŋ,pùg,pû:gŋ,púg
cutia 1 (Dasyprocta fuliginosa),agouti,--,,--,mɛ̃̌:t,mæ̃̌t,mẽét,mɛ̃̌:t,mèt,mɛ̃̂:t,mét
cutia 2 (Dasyprocta fuliginosa),agouti,mãjã:w,,mĩjã:w,--,,,--,NF,--,NF
cutiuaia 1 (Myoprocta pratti),green acouchi,--,,--,k ʼ aɟ,kaɟ,kaj,k ʼ aʲɟɲ,,k ʼ aʲɟɲ,
cutiuaia 2 (Myoprocta pratti),green acouchi,mãbɤgŋ,mabëng,wɤbɤgŋ,--,,,--,,--,
Jupará,kinkajou (Potus flavus),--,,--,hɛ̃̂:n,--,--,mɛ̃hɛ̃̌:n,mehèn,--,
Jupará,Eastern lowland olingo (Bassaricyon alleni),wac ʼ ɔ̃g,,wɔ̃hc ʼ ɔ̃g,c ʼ ɔ̰̃k,cɔ̃k,çõk,wɔ̃hcɔ̰̃k,wõhsṍk,--,
Lontra,otter (Pteronura brasiliensis),ʔajo̰:g,ajʼoog,ʔajɔ̰:g,ʔjɔ̌:k,j’ɔ̌k,‘yoók,dʲɔkpǒ:gŋ,,jɔ̂:k,yok
Macaco (sp de sagui),tamarin monkey (Saguinus inustus),jãmãʃi:ʃ,,mĩʃi:ʃ,ʃî:ɟ,ʃîɟ,siìj,--,,,
Macaco-barrigudo,woolly monkey (Lagothrix lagotricha),--,,--,ʔoh,ʔoh,ôr,ʔoh,ö́h,ʔɔ̌h,öh
Macaco-caiarara,wedge-capped capuchin monkey (Cebus olivaceus ),ʃãmɯ̃:j̃,samỹỹj,ʃãmã:j̃,mɔ̃̂:j̃,mɔ̃̂j,mõòy,--,,mɔ̃̂:j̃,
Macaco-de-cheiro,squirrel monkey (Saimiri sciureus),baɾi:d,,mãɾid,--,,,--,,--,
Macaco-de-cheiro,squirrel monkey (Saimiri sciureus),--,,--,biɟ,biɟ,bij,ɓɯ̰ʲɟɲ,,--,
Macaco-da-noite,night monkey (Aotus vociferans),kɯ̃jkɯ̃:j,,kujiʔ,xujʔ,xuj’,xuy’,kukuj,kukúy,kukǔ:j,kukuy
Macaco-guariba,howler monkey (Alouatta seniculus),--,,--,tû:g,tûg,tuùg,tǔ:gŋ,tùg,tû:gŋ,túg
Macaco-prego,tufted capuchin monkey (Cebus apella),jawʌ̰:j,jawʼëëj,jawʌ̰:j,wǎ:ʃ,wǎʃ,waás,jawǎ:ç,yawàç,wâ:jʰ,
Macaco uacari-preto,golden-backed uakari monkey (Cacajao melanocephalus),--,,--,ʔɛ̃̌:ʃ,‘æ̃̌ʃ,ẽés,ʔɛ̃ç,,ʔɛ̃̂:jʰ,
Macaco zogue-zogue,collared titi monkey (Callicebus torquatus),k ʼ ṵ:k,,k ʼ o̰:kŋ,k ʼ ô̰:g,kôg,kôòg,k ʼ ô̰:gŋ,kʼö̀g,k ʼ ô̰gŋ,köö́g
Morcego 1,bat (Desmodus rotundus),--,,--,bɯx,bʉx,bʉx,cɯɓɯ̃h,,--,
Mucura,opossum (Didelphis sp.),c ʼ awa:j,tsawaaj,c ʼ awa:j,w̰ʔɛj,wæ̂j,weèy,ʃãm̰ʔã̂:j,saʼmáy,--,
Onça,jaguar (Panthera onca),--,,--,j̰̃ãmxɯʔ,j’amxɨʔ,‘yamxʉ’,j̃ãʔãm,yaʼám,j̃ãʔã̌:m,yãam
Paca,paca (Agouti paca ),daʔpa:ʔ,depaa,nẽpa:h,paʔ,paʔ,pa’,--,,--,
Porco,peccary (Tayassu pecari),to:h,tooh,to:h,tɔh; tɔhmɛ̃t,tɔh,tor,tɔ̃h,tṍh,tɔ̃hmɛ̃t; tɔ̃̌:h,
Quati,ringtail coati (Nasua nasua),--,,--,ʃû:,ʃû,suù,cû:,sú,cû:h,su
Tamandua,collared anteater (Tamandua tridactyla),jɔdn,,jɔdn,jɔdn,jɔn,yon,--,,jɔ̃̌:n,yõn
Tamandua 1,giant anteater (Myrmecophaga tridactyla),jahu:dn,jahuun,ʔihu:dn,xû:dn,xûn,xuùn,--,,--,
Tamandua 2,giant anteater (Myrmecophaga tridactyla),mɯgŋ,,mbɯ̌:gŋ,mbɯ̌:gŋ,mɨg [apelido do tamandua],mʉg [apelido do tamandua],--,,--,
Tatu-galinha 1,armadillo (Dasypus novemcinctus),--,,--,jɤ̂:w,jəw,yâw,jě:w,yë̀w,jê:w,yë́w
Tatu-galinha 2,armadillo (Dasypus novemcinctus),wḛ:ɟ,,wḛ:ɟ,--,,,--,,wî:ʲɟɲ,
Tatu canastra,giant armadillo (Priodontes maximus),--,,--,ʔõ̌:k,ʔɔ̃̌k,õók,ʔǒ:k,,--,
Veado-catingueiro,gray brocket deer (Mazama gouazoubira),--,,--,c ʼ ɤc ʼ ǎ:h,cocǎh; cohcâ,çôoçaár; çôrçaà,mɔ̃hɔ̃jʼc ʼ â:,,mɔ̃hɔ̃j̃ʼc ʼ â̰:h,mohóy-saa
Veado-mateiro,red brocket deer (Mazama americana),--,,--,cʼɤhɤ̂:w,cohə̌w,çôorâáw,mɔ̃hɔ̃j̃hɤ̌:w,,mɔ̃hɔ̃j̃hɤ̂:w,mohóy-hä́w
Cauda,tail,dɔ̃m,dõm,nɔ̃m,dubm,dum,dum,ɗṵbm,daràp,ɗṵbm,duum
Chifre,horn,ʃã̰:n,,ʃã̰:n,ʃã̰̌:nʔ,ʃã̂n’,sãán’,cã̰̌:nʔ,sànʼ,cã̰̂:nʔ,
Couro ou pele,skin,bɯ:h,byyh,bɯ:h,bɯk,bɨk,bʉk,--,,--,
Gordura 1,fat; grease,--,,--,nɛ̃g,næ̃g,nẽg,nã̌:ŋ,,nã̌:ŋ,nag
Araçari,aracari (small toucan) (Pteroglossus sp.),jʌ:b,,--,jâ b,jâb,yaàb,--,,jâ:bm,
Araraçanga 1,macaw (Ara macao),--,,--,--,,,jǎ:k ,yàk,jǎ:k ,yák
Araraçanga 2,macaw (Ara macao),k ʼ aʔɾo:ʔ,,k ʼ aɾu:h,k ʼ a lʔ,kǎl’,kaál’,--,,--,
Beija-flor 1,hummingbird (familia dos troquilideos),c ʼ i:p,,c ʼ i:p,--,,,--,,--,
Beija-flor 2,hummingbird (familia dos troquilideos),--,,--,ʃug,ʃug,sug,cu:gŋ,súg,cǔ:gŋ,sug
Coruja 1,owl (genero otus),--,,--,--,wěw’,wêéw’,pɤpɤp,päpä́p,pɤpɤ̌:p,päpäp
Coruja 2,owl (genero otus),wo̰:ɾə,wʼoor,wo̰:ɾə,--,,,--,,--,
Cujubim (Pipile sp.),piping guan,kajṵ:j,,kajṵ:j,xujǔ:j ʔ,xujǔj’,xuyuúy’,--,,--,
Garca,egret (familia dos ardeideos),--,,--,moh,moh,môr,boh [howʔ,böhö́wʼ,--,
Gaturamo,thick-billed euphonia (Euphonia laniirostris),--,,--,c ʼ ubm,--,--,c ʼ ǔ:bm,,cʔǔ:bm,suúm
Gaviao-real,harpy eagle?; hawk (Harpia harpyja),wi:ʔ,wawii,wi:h,wǐ h,wǐh,wiír,wǐ h [pǒg,wihpö̀g,wî h,wíh
Jacu,Spix’s guan (Penelope jacquacu),jɤ̰:j,,jə̰:j,jěʃ,jěʃ,yêés,jěc,,jěc,
Japu-do-bico-encarnado,japu (Psarocolius sp.) [Gymnostinops is outdated name] (Gymnostinops,dṵb,,do̰:b,dǒ:p,dǒp,dôóp,ɗǒ̰:p,dʼö́p,ɗô̰:p,dööp
Maitaca,blue-headed parrot (Pionus menstruus),du:ʃ,,du:ʃ,dǔ:ic,dǔc,duúç,ɗṵ̂:ic,dʼùs,ɗṵ̌:ʲɟ,
Nambu-galinha,white-throated tinamou (Tinamus guttatus),ho̰:h,,ho̰:h,hǒ:h,mɔ̃-hǒh,mõo-rôór,mɔ̃hǒ:h,mohhö̀h,--,
Nambu-grande,great tinamou (Tinamus major),--,,--,mɔ̂̃:,mɔ̃̂,mõò,mɔ̃̌:h,mòh,mɔ̃̂:h,móh
Papagaio-moleira,mealy parrot (Amazona farinosa),c ʼ ɔj,,c ʼ ɔj,c ʼ ɔj,cɔj,çoy,c ʼ ɔ̰jʔ,,c ʼ ɔ̰jʔ,sooy’
Pomba-galega,dove (Columba cayennensis),wawɛ̃hɛ̃h,,--,wɛ̃h,wæ̃h,wẽr,wɛ̃ç,,wɛ̃h,wẽh
Rouxinol,moriche oriole (Icterus chrysocephalus),--,,c ʼ u: b,c ʼ û: b,ʃǐp,siíp,--,,--,
Tucano,toucan (Ramphastos sp.),ʃoked; ʃaked; ʃuked,suked,ʃaked,c ʼ okʼwet,cokwet,çôkwêt,cokw̰ɤt,sokwʼä́t,cɔhkɤt,sokät
Urubu,vulture (Coragyps atratus),wɤ:h,,wɤ:h,waʔ,waʔ,wa’,wãʔ,wã́ʼ,wãʔ,
Urumutum,nocturnal currasow (Nothocrax urumutum),--,,--,tǔ:dn,tǔn,Tuún,mɔ̃jtǔ:dn,moytùd,mɔ̃jtǔ:dn,moy-tun
Ninho,nest,mã:g,,mã:g,--,meʔ,mê’,--,,--,
Ovo,egg,ʔetɯ:p; tɯb,tyb,tɯb,tɯ̌:b,tɨ̌p,tʉʉ́p,tǐ:p,tip,tî:p,típ
Amarelo,yellow,ʃawʌ̰:k,,ʔawa̰:kŋ,--,mɨ̃̂,mʉ̃ʉ̀,--,,--,
Azul; verde,blue; green,jabaɾǔ: t ,jabaruut,maɾu: t ,--,mɨ̃̂,mʉ̃ʉ̀,--,,--,
Branco 1,white,hawak ,hawak,hawakŋ,--,,,--,,--,
Branco 2,white,--,,--,hô:,hô,rôò,tohoh,töhö́,tohoh,
Vermelho 1,red,--,,--,nô:,nô,nôò,ndô:,,--,
Vermelho 2,red,hi:dn,hahiin,hi:ɟɲ,--,,,--,,hě:ɟɲ,
Camarão,shrimp,ʃɤ:ʔ,sëë,ʃɯ:ʔ,ʃoʔ,ʃoʔ,sô’,cɤʔ,säʼ,cɤcɤʔ,säsä’
Caranguejo,crab (gen. Trichodactylus),c ʼ ahʌ:bm,,c ʼ ʌhʌ:bm,xâ:bm,xâm,xaàm,--,,--,
Caranguejo,crab (gen. Trichodactylus)­­,--,,--,--,,,ʃɔhɔ̂:,sohó,cɔhɔ̌:h,
Caranguejo,crab (gen. Trichodactylus),--,,--,--,,,cɔ̃hõ̌:m,,cɔ̃hõ̂:m,
Diarreia,diarrhea,--,,--,--,jǒh,yôór,cuɟɲ,NF,cuɟɲ,NF
Ferida 1,wound (causada por corte),--,,--,nɔ:h,nɔh,nor,--,NF,ndɔ̌:h,dooh (to rot)
Ferida 2,wound,--,,--,xɔ̃m,xɔm,xom,hɔ̃m,hóm,hɔ̃m,NF
Lombriga,nematode (roundworm) (Ascaris lumbricoides),ʃɔ:d,,ʃɔ:d,ʃɔ:t,ʃɔ̌t,soót,--,NF,--,NF
Remedio,medicine,--,,--,j̃ɔ̃̌:h,jɔ̃̌h,yõór,j̃ɔ̃̌:h,yõ̀h,ɲɔ̃̌:h,yõh
Sarampo,measles,--,,--,--,ʔǒj’,ôóy’,pab,páb’,pǎ:b,pamʼ
Abaixar,lower,hɯgŋ; hɯ:h,,hɯgŋ,xɯ̂:,xɨ̂,xʉʉ̀,hî:,hí,hi,hi
Abanar,lower,hɤbm,,--,hebmʔ,hem’,rêm’,hebmʔ,hë́b́,hɛbmʔ,hëmʼ
Abrir 1,open,--,,--,poʔ,poʔ,pô’,poʔ,pö́ʼ,poʔ,pö’
Abrir 2,open,je:ɟɲ; jḛ:j,,--,jɛɟ,jǐc [pull apart woven thing],yiíç [pull apart woven thing],--,sö́d,--,hah
Acabar 1,finish,ʔahʌj; ʔahɤ:j,,ʔahʌj,--,,,--,*see ‘toho’,--,NF
Acabar 2,finish,--,,--,hũʔ,hũʔ,rũ’,hũʔ,hū̃̃́ʼ,hũʔ,hũ’
Acabar 3,finish,jã:m,,jã:m,jɛ̃̂:m,jæ̃̂m [parar trabalho],yẽèm [parar trabalho],--,NF,--,NF
Acender 1,light (fire),--,,--,tɤʔ,təʔ,tâ’,tɤʔ,túj,tɤʔ,tä’
Acender 2,light (fire),tagŋ; ta:h,,ta:h,--,,,--,tä́ʼ,--,ta:ʼ
Agitar 1,mix; stir,--,,--,--,wɔ̃n’ [comida; mingau],wõn’ [comida; mingau],w̃ɔ̃nʔ,NF,w̃ɔ̃nʔ,NF
Agitar 2,mix; stir,--,,kaw̃ɔ̃j̃,--,,,--,NF,mĩhw̃ɔ̃j̃,mih wõç
Ajudar 1,help,--,,--,--,judal’,yudal’,tã̂:m,hitám; bɨ́ʼ,tãm,(bɨʼ)-bamʼ
Ajudar 2,help,ʔmãʃaʔ; ʔmaʃa:ʔ,,ʔmẽʃa:h,--,,,--,NC ,--,NC
Alagar; inundar,drown,   k ʼ ɯ̰:p; k ʼ ɯ̰:b,,k ʼ ɯ̰:b,k ʼ ɯ̃̂:m,kɨ̂m,kʉʉ̀m,k ʼ ɯ̃̂:m,k’ɨ́m,--,NC (yɨ̃wʼ)
Alisar,smooth,hawɤ:k,,hawʌg,--,,,hɤk,NC (wád; wɨ́m),--,NC (yãh; wɨ̃m)
Amar; souvinar,love; be stingy,--,,--,wɔj,wɔj,woy,wɔj,woy,wɔj,woy
Amarrar,tie,da̰:p; da:b,,--,dâ:b,dâb [mend e.g. aturá]; kək [tie in general],daàb [mend e.g. aturá]; kâk [tie in general],--,sʼɨ́p; wʼɨ́t,tabm,tam
Amontoar,rest/be put on (something),--,,--,wʔô:b,wôb [intransitive],wôòb [intransitive],wuʔwô:bm,NF,wʔobm,wööm
Apagar,go out,du:k; dug,,du:g,dɔ̌:k,dɔ̌k,doók,ɗɔ̰̌:k,dʼók,ɗɔ̰k,dook
Aparecer,appear,--,,--,hadn,han,ran,bahadn,böbö́b,--,wahan
Apodrecer,rot,ʔaʃʌ̰:ʃ; ʔaʃa:ɟ,,ʔaʃa:j; ʔaʃa:ɟ,--,dɔx,dox,--,dʼóh,--,dooh
Aquecer,warm up,--,,--,k ʼ ɯ̰ʔ,hæ̃d jǔʔ,rẽd yuú’,k ʼ ɯ̰̂ʔ,NF,k ʼ ɯ̰ʔ,kɨʼ
Arrancar 1,pull out,ʔakʼ o̰:ʔ; ʔakʼ o:ʔ,,kʼ o:ʔ,--,,,kʼ ɔ̰̌:ʔ,koʼ,kʼ ɔ̰ʔ,kooʼ
Arrancar 2,pull out,--,,--,wɔc,wɔc,woç,wɔc,NF,--,NF
Arranhar,scratch,kuʃ; kuɟ,,--,xô:ɟ,xôj,xôòj,koʲɟɲ,kö́j,--,hɨ; kĩit
Arrastar,pull; drag,takɯg; takɯg,,takɯg,xɤ̌:k,xə̌k,xâák,--,NC (dö́y),kɤgŋ,käk; hɨ̃k
Assar,roast,jʌʔ; jɤ:ʔ,,--,jaʔ,jaʔ,ya’,jɛ̃ʔ,yẽʼ,jɛ̃ʔ,yẽʼ
Assobiar,whistle,hɔ̃:ɲ; hɔ̃:j̃; hɔ̰̃:ɲ,,hɔ̃:j̃,hɔ̃̌:j̃,hɔ̃̌y,rõóy,pɔ̃hɔ̃̂: j̃,pùg,pɔ̃hɔ̃ j̃,pĩg;põhoy
Atirar,throw,bo:h; boh,,bo:h,bux,bux,bux,ɓṵ,bʼuy,ɓṵh,buuh
Babar 1,drool,nãɾe:h,,nãɾe:h,--,,,--,NF,--,NF
Babar 2,drool,--,,--,--,,,nɔ̃hʃǎ:w,NF,nɔcaw,noh-sáw
Balançar,swing,--,,--,jǒ:jʔ,jǒj’,yôóy’,jǒ:jʔ,yóyʼ,jojʔ,yöyʼ
Banhar,bathe; swim,c ʼ ɔbm,atsóm,c ʼ ɔbm,c ʼ ɔbm,cɔm,çom,c ʼ ɔ̰̌̃:m,sʼóm,c ʼ ɔ̰̃m,sõom
Barulho,noise,--,,--,--,jê,yêè [fazer barulho],hɔ̃̌:h,hõ̀h,hɔ̃̌:h,Hõhoh; huh
Beber,drink,ʔɤ:k; ʔɤ:gŋ,eÿÿk,ʔɯgŋ,ʔɤg,ʔəg,âg,ʔɤgŋ,äg,ʔɤgŋ,äg
Beijar,kiss,c ʼ u:p; c ʼ u:b,,c ʼ u:b,c ʼ ũ̌:ɲʔ,cũ̌ɲ’,çũúnh’,c ʼ ṵ̃p,sʼṹp,c ʼ ṵ̃p,sũup
Beliscar 1,pinch,waʃi:ʔ; ʃḭ:ʔ,,ʃḭ:h; ʃi:h,--,,,--,NF,--,NF
Beliscar 2,pinch,--,,--,ʃî:b,ʃîb,siìb,cĩ̌:mʔ,tímʼ; símʼ,cĩmʔ,sĩim’
Bocejar 1,yawn,habm; haw,noo keham,habm,--,,,--,NF,--,NF
Bocejar 2,yawn,--,,--,nɔ̃hk ʼ ǎ̰:ʔ,nɔ̃h kâ,nõr kaà,nɔ̃hk ʼ ǎ̰:ʔ,nohʼká,nɔ̃hk ʼ a̰h,noh ka
Brigar,fight,ʔo:bm,eoom,--,ʔũ̂:m,ʔũ̂m [bater],ũùm [bater],ʔũhmɛ̃h,ũhméh,ʔũm,ũh ũm
Brilhar,shine; be bright,bag,,bag,bɛʔ; bɛ̂:g,bæ̂g,beèg,ɓa̰gŋ,bʼag,ɓa̰ʔ,bee ʼ
Buscar agua,fetch water,k ʼ ɔp; k ʼ ɔb,,k ʼ ɔp; k ʼ ɔb,k ʼ ɔp,kɔp,kop,k ʼ ɔ̰p,kʼóp,k ʼ ɔ̰p,ka ʼ;koop
Cair,fall,--,,--,nɔ̃x,nɔ̃x,nõx,nɔ̃h,nóh,nɔ̃h,noh hi
Cantar,sing,jʌ:bm; jʌbm,ejäm,jʌ:bm,jãm,jãmhɨ̃h,yãmrʉ̃r,jãm,yam,jãm,yãm
Capinar,cut weeds,ʃok;  ʃog,asok (arrancar),ʃog,--,ʃæ̃ʃ,sẽs,--,sẽ́ç,cɤk,säk
Carregar,carry (on back?),ʃɤ:t; ʃɤ̰:d,asëët,ʃɤ:d,ʃě:t,ʃět,sêét,cě:t,së́t,cet,sët
Chamar,call,ʔɤ:ɟɲ; ʔɤ:j,naëënh,ʔɤ:j,ʔɤj,ʔəj,ây,ʔej,ëy,ʔej,ëy
Chegar; encontrar,meet; encounter,wɯt,,wɯt,wɯd,wɨ̂d,wʉʉ̀d,wɯdn,wɨd,wɯt,wɨt
Cheirar,fill up,hɯ̃:k̚; hʌ̃g,matsehỹỹk,hã:kŋ,ʔɯ̃̌:k ̚,ʔɨ̃̌k,ʉ̃ʉ́k,--,NF,--,NF
Chorar,cry,ʔo:t; ʔɔd,aoot,ʔɔd; ʔo:t,ʔɔ̃̌:t,ʔɔ̃̌t,õót,ʔɔt,ót,ʔɔt,ot;õt
Chutar,kick,da:ʃ; daɟ,,da:ʃ; daɟ,dɛɟ,dæɟ,dej,tac,tás,tac,tas
Coçar 1,itch,c ʼ u:k; c ʼ ug,atsuuk,c ʼ u:g,c ʼ ǔ:k,cǔk,çuúk,c ʼ uk,kö kö́j,c ʼ uk,suuk
Coçar 2,itch,ʃɯ̰:t; ʃɯ:d,,-- ,ʃĩnʔ,ʃîd,siìd,w̰obm,?,wobm,?
Colocar,put onto,--,,--,w̰ob,w’ôb (trans),w’ôòb (trans),w̰obm,wʼöb,wobm,wöm
Comer 1,eat,wɤ:h,awëh,wɯ:h,--,,,--,,--,
Comer 2,eat,--,,--,wɛ̂:d,wæ̂d,weèd,wɛ̌:dn,,wɛdn,wen
Correr,run,--,,--,ʔɔx,ʔɔx,ox,to ʼ ʔoh,,t ʼ ô̰:h,
Cortar 1,cut (hack),--,,--,tě:ʃ,tæʃ [hack],teés [hack],--,,tɤjʰ,
Cortar 2,cut (saw),k ʼ ahɔ̃k; k ʼ ahɔ̃g; ʔahɔ̃k;k ʼ akɯd,gehõk,hɔ̃:kŋ; hɔ̃g,hɔ̃̌:k,hɔ̃k [saw],rõk [saw],hɔ̃̌:k,hṍk,hɔ̃k,hõk
Costurar,sew,ʃu:h; ʃugŋ,,ʃu:h; ʃugŋ,--,tɨ̃̌m’,tʉ̃ʉ́m’,cuh,suh,cuh,suh
Cozinhar,cook,--,,--,--,xâ,xaà,c ʼ ɯ̂:w,taʼasáw,c ʼ ɯw,sõhóm
Crescer 1,grow,--,,--,--,peg ʃǎk,pêg saák,cap,sap,cap,sap
Cuidar,take care of,--,,--,--,hũjwəj’,rũywây’,hikej,,kej,këy
Cuspir,spit,c ʼ o: ʃ; c ʼ ɔ ʃ,,c ʼ ɔ: ʃ,c ʼ ɔ̌: ʃ,cɔ̌ʃ,çoós,c ʼ ɔ̌: ç,,c ʼ ɔ̌:jʰ,
Cutucar,poke,tatuk; tatug,,tug,--,,,--,,--,
Dabucuri; dancar,dabucuri; dance,jɤbm; jʌbm,jëm,jʌbm,jabm,jam,yam [dançar]; têg [dabucuri],jãm,yám,jãb,
Dar,give,nɔ̃:ʔ; nɔ̰̃:ʔ,,--,nɔ̃̌:ʔ,nɔ̃̌ʔ,nõó’,nɔ̃ʔ,noʼ,nɔ̃ʔ,no’
Defecar,defecate,ja:ʔ,jʼaa,--,jɛ̌:ʔ,jæ̌ʔ,yeé’,ɲdʲɛʔ,yeʼ,jɛʔ,ye’
Deitar 2,lie (on ground),jat; jad,ajat,--,jet,jæt [no chão],yet [no chão],jɛt,yet,jɛt,yet
Derramar,spill,bɯ:h; bɯh,,bɯ:h; bɯh,bɤh; bɤ̂:,bə̂; bəh,bâà; bâr,ɓɤ̰h,bʼäh,ɓɤ̰h,bääh
Derreter,melt,dɛ̃ʔ; dɛ̃:ʔ,,--,n̰ʔɛ̃̂:,n’æ̃̂,n’ẽè,--,,--,
Descascar,peel,--,,--,ʃĩ̌:mʔ,ʃĩm’ [wet manioc; banana; etc.],sĩm’ [wet manioc; banana; etc.],cɯ̃̌:mʔ,,cĩmʔ,sĩim’
Descascar 1,peel,k ʼ ɔ̃p ̚; k ʼ ɔ̃b ̚,,--,k ʼ ob,kob [inga; abiu; take out of pod/hull],kôb [inga; abiu; take out of pod/hull],k ʼ obm,,--,
Descascar 2,peel,ʃo:ʃ; ʃo̰:j,,ʃɔ̰:j,--,xæp [descascar mandioca]; dæʃ [break shell – ucuqui; coco; cupuaçu],xep [descascar mandioca]; des [break shell – ucuqui; coco; cupuaçu],--,,--,
Dizer,say,nʌ̃ŋ; nʌ̃:,,---,nã̂:,nã̂,nãà,nɔ̃̂:,nohsàw,---,
Dormir,sleep,ʔɯ̴:h; ʔãh,,ʔã:h,ʔã̂:,ʔã̂,ãà,ʔɔ̃h,,ʔɔ̃h,õh
Embrulhar,wrap up,--,,c ʼ ɤʔ,c ʼ ɤʔ,cəʔ [w/ leaves; paper]; xop [in blanket],çâ’ [w/ leaves; paper]; xôp [in blanket],c ʼ ɤʔ,,--,
Empurrar,push,--,,--,tû:j,tuj,tuy,tɯ̂:j; tû:,,tɯj,tɨy
Encontrar,meet,wɯ̰:t; wɯ:d,,wɯ:d,wɯ̂:d,wəj’ (wɨ̂d chegar),wây’ (wʉʉ̀d chegar),--,,--,
Enfiar,thread on a string,ʃɯ:h; ʃɯh,,ʃɯ:h,ʃɯg,ʃɨg,sʉg,cĩŋʔ,,--,
Engasgar,choke,ga̰:k,,ga:g,kã̌k,kã̌k,kãák,kʔãk,kãk,kʔãk,kãak
Engatinhar,crawl,kʼ a̰:k; k ʼ ag,,k ʼ a:g,k ʼ ã̌:k,nôy,nôòy,k ʼ ã̰k,,k ʼ ãk,
Escorregar,slip,c ʼ adup; c ʼ adub,,c ʼ adub,--,ditxəd,ditxâd,--,,--,
Escrever,write,hɯ:ʔ; hɯʔ,,--,--,dâd,daàd,hɯʔ,hɨ̀ʼ,hɯʔ,hɨ’
Esfregar 1,scour,wu:k; wug,,--,wug,wug,wug,hĩ:kɯ̃k,,hɯ̃k,hɨ̃k
Esfregar 2,scour,c ʼ u:k ; c ʼ ug ,atsuuk,c ʼ u:g ,c ʼ ǔ:k ,cǔk [coçar],çuúk [coçar],--,,c ʼ uk,suuk
Esperar 1,wait,c ʼ adaʔ; c ʼ ada:ʔ,,c ʼ ada:ʔ,dɛʔ,dæʔ,de’,--,,--,
Esperar 2,wait,--,,--,--,,,jû:,,juʔ,yuh
Espremer mandioca,squeeze manioc 1,jugŋ; ju:h,,jugŋ,--,,,--,,--,
Espremer mandioca,squeeze manioc 2,k ʼ awo:ʔ; k ʼ awo̰:ʔ,,--,w̰ǒ:ʔ,w’ǒʔ,‘wôó’,k ʼ ow̰oʔ,köʼwöwʼ,--,
Fazer cocegas,tickle,ʃɯ̰:t; ʃɯ:d,,--,ʃî:d,ʃîd,siìd,cicî:dn,sisíd,cicidn,sisin
Fazer sexo,have sex,--,,--,ʔãn,ʔãn,ãn,ʔãn,an,ʔãn,
Feder,stink,--,,--,dɔx,dɔx,dox,ɗɔ̰h,,ɗɔ̰h,dooh
Ficar,stay,--,,--,tû:,nĩ̂,nĩì,tuh,túh,tuh,tu
Flatulencia,flatulate,du:ʃ; duʃ,,c ʼ ɯʃ,tɔʃ,tɔʃ,tos,tɔç,tóç,tɔ̂:jʰ,
Flechar,shoot with arrow,--,,--,k ʼ ḭ̃ɲ,kĩɲ,kĩnh,k ʼ igŋ,kʼí,k ʼ igŋ,
Focar,focus?,hʌ̃:j; hʌ̃:ɲ,,hã:j̃,hɔ̃̂:j̃,hɔ̃j,rõy,--,,hãj̃,
Fumar,smoke,ʔahũ:t; ʔahũ:d,,ʔahũ:d,ʔũn̰ʔ,ʔũn’,ũn’,ʔũn̰ʔ,unʼ,ʔũn̰ʔ,ũn’
Inchar,fill,puh; pu:h,dapuuh,pu:h,--,ʔĩ̌k; pux [pot boil over],ĩík; pux [pot boil over],puhû:,puhú,puh,puhu
Ir,go,hṵ̃:m; hãm,ahõm,hã:m,hã̂:m,hãm,rãm,hã̂:m,ham,hãm,hãm
Lamber,lick,dɛ̃:p; dɛ̃:b,,nɛ̃:b,n̰ɛ̃p,dɔ̂n [næ̃̌p talvez na lingua dos velhos?],doòn [nẽép talvez na lingua dos velhos?],nʔɛ̃mʔ,n’em’,--,
Lavar,wash,c ʼ ɯ̰:t; c ʼ ɯ̰:d,,c ʼ ɯ̰:d,c ʼ id,cid,çid,c ʼ idn ,,c ʼ idn,siin
Lavrar,sharpen?,ʃɤk; ʃɤg,asëk,ʃɤg,ʃɤk,ʃək,sâk,cɤgn,sʼɨg,cɤk ,säk
Mastigar,chew,waʔ; ʔawa̰:ʔ,jewa,ʔawa̰:ʔ,ʔawaʔ,ʔaw’,aw’,ʔʔa̰wʔ,yaʼawʼ,--,
Mentir,tell lie,--,,--,tɯ̌:x,tɨ̌x,tʉʉ́x,tɯh,tɨh,--,
Mergulhar,submerge,hop; hob,,hob,hop,hop,rôp,hop,hö́p,hop,höp
Pedir 1,ask for,c ʼ ɛ̃:ʔ; c ʼ ɛ̰̃:ʔ,,c ʼ ɛ̰̃:h,--,,,--,,--,
Pedir 2,ask for,--,,0,--,ʔã̌x,ãáx,ʔǐ:h,,ʔih,ih
Pendurar 1,hang; suspend,dʌk; dʌg,,dʌg,dak,dak [stick against],dak [stick against],ɗak,,--,
Pendurar 2,hang; suspend,--,,--,k ʼ aʔ,kaʔ [hang],ka’ [hang],k ʼ ãʔ,,k ʼ ãʔ,
Pilar,pound with pestle,to:k; tog,etook,tog,tok,tǒk,tôók,tok,tö́k,tok,tök
Plantar,plant,jo:bm,ejoom,jo:bm,jũ̌:m,jũ̌m,yũúm,jũ̌:m,yum,jũm,yũm
Pular,jump,c ʼ ɤk,,c ʼ ɤg,c ʼ ɤk,cək [cf. cə̌k ‘roubar’],çâk [cf. çâák ‘roubar’],c ʼ ɤ̰k,,c ʼ ɤ̰k,sääk
Puxar,pull,hɤ:k; hɤg,,kɯg,xɤk,xə̌k,xâák,kɤk,käk,kɤk,käk
Queimar,burn,hɔ̃h; hɔ̃:h,,hɔ̃:h,hɔ̃̂:,hɔ̃̂ (xôj ‘queimar cabelo’),rõò (xôòy ‘queimar cabelo’),hɔ̃̂:,hṍ,hɔ̃:,hõ
Querer,want,--,,--,tuk ,tuk,tuk,tuk ,tút,tuk ,tuk
Rachar,split,--,,--,--,bǎk,baák,pobm,,pobm,pöm
Ralar,grate,hʌ̃p; hʌ̃b,ehä̃p,hãb,hɯ̃p,hɨ̃p,rʉ̃p,hɯ̃p,hɨ̃p,hɯ̃p,hɨ̃p
Rasgar 1,scratch,ʃɛ̃:t; ʃɛ̰̃:d,kasẽẽt,ʃɛ̰̃:d,--,xǎk,xaák,--,,--,
Rasgar 2,scratch,--,,--,--,,,cɛ̌̃:wʔ,,cɛ̃w̰ʔ,sẽw’
Raspar 1,scrape,hap,,hab,xɛp,xæp,xep,hap,,--,
Raspar 2,scrape,--,,--,--,,,hɛw,,hɛw,hew
Remar 1,paddle,ʔahɤʔ; hɤ:ʔ,hëë,ʔahɤʔ,--,,,--,,--,
Remar 2,paddle,--,,--,xɛ̃̌:ʔ,xæ̃̌ʔ,xẽé’,hɛ̃j̰̃ʔ,,hɛ̃j̰̃ʔ,hẽy’
Respirar,breathe,--,,hãg,hɛgʃɔʔ,hæ̃gʃɔʔ,rẽgso’,hãŋ,hãg,hãŋ,hãg
Roçar 2,clear brush/trees,--,,--,--,,,ɓɔ̰t,,ɓɔ̰t,
Roncar,snore,hṵ̃:k; hṵ̃:g,,hɔ̃:g,xɔ̃̌:k,xɔ̃̌k,xõók,hũ̌:k,,hũk,tũhuk
Roubar,steal,c ʼ ɤ̰:k; c ʼ ɤ:g,etsʹëëk,c ʼ ɤ̰:kŋ,c ʼ ɤ̌:k,cə̌k,çâák,c ʼ ḛk,,c ʼ ḛj,sʼëk
Saudade,miss (someone; something),k ʼ ʌ:bm,,k ʼ a:bm,--,,,--,,--,
Secar 1,dry,0,,--,xɔp ,xɔ̌p,xoóp,hɔp,,hɔp,
Secar 2,dry,wo:ɟ; wo:j,hawoonh,wo:j,--,,,--,,--,
Segurar,hold,tɔdn,,--,tɔdn,haj’ [in hand]; tɔn [on back],ray’ [in hand]; ton [on back],--,,­--,
Sentar,sit,--,,--,pɛ̂:bm,pæ̂m,peèm,pɛ̃m,pém,pɛ̃m,pẽm
Soluçar,hiccup,--,,--,,,,ʃɤɓɤ̰k,säbäk,ɓɤ̰k,bääk
Soprar 1,blow,hu:h,,--,xǔ:ʔ,,,--,,--,
Soprar 2,cast spell,wɔh,,--,wɔh,wɔh [assoprar; benzer],wor [assoprar; benzer],--,,--,
Soprar 3,blow,pahu:ɟɲ; pahu:j,pahuunh,pahu:j,    hũ̌:t,hũ̌t,rũút,pũhũ̌:t,,pũhũt,pũhut
Soprar com,shoot with blowgun zarabatana,ʔeʃo:bm; ʔeʃo:w,esoom,--,ʃɔw,ʃɔw,sow,cɔw,sów,cɔw,sow’
Subir (beira-rio),ascend,ʃɔp; ʃɔb,,ʃɔp,ʃɔ̌:p,ʃɔ̌p,soóp,cɔp,sóp,cɔp,sop
Subir rio,go upriver,--,,--,pɛ̂:,pæ̂,peè,pɛ̂:,pé,pɛ,pe
Tecar (??),shoot with slingshot,--,,--,wɔ̃p,wɔ̃̌p [tirar com baladeira],wõóp [tirar com baladeira],w̰ʔɔ̃p,,--,
Temer,fear,ʔɯ̃:m; ʔʌ̃m,eỹỹm,ʔɯ̃:m,ʔã̂:m,ʔã̂m,ãàm,ʔɔ̃m,óm,ʔɔ̃m,õm
Ter 1,be; exist,nʌ̃h; nʌ̃:,,nã:,--,,,--,,--,
Ter 2,be; exist,--,,--,nĩ̂:,nĩ̂,nĩì,nĩ̂:,,nĩ,ni
Ter Gordura,be greasy; fat,ʃɯdn,,ʃɯdn,--,,,--,,--,
Tinguijar,fish with timbo poison,tɤ:dn,,--,tedn,ten,tên,tɤdn,tä́d,tɤdn,tän
Tirar,take,do:ʔ; doʔ,,--,dǒ:ʔ,dǒʔ,dôó’,ɗo̰ʔ,dʼöʼ,ɗo̰ʔ,dö’
Torrar 1,toast,--,,--,xɛ̃̂:n,xæ̃̂n [e.g. farinha; ipadu; maniwara],xẽèn [e.g. farinha; ipadu; maniwara],kɛ̃̂:n,,--,
Torrar 2,toast,ʃɔ̃:ɲ; ʃɔ̃:j,,ʃɔ̃:j,--,,,--,,--,
Urinar 1,urinate,--,,--,ʃiʔ,ʃǐʔ,sií’,ciʔ,,ciʔ,si’
Urinar 2,urinate,k ʼ ʌ:ʃ,,k ʼ ʌ:ʃ,--,,,--,,--,
Varrer,sweep,--,,ha:p; ha:b,xɛ̌:p,xæ̌p,xeép,hεp,,hεb,
Vir,come,--,,--,nɛ̃d,næ̃̂d,nẽèd,nɛ̃n,nén,nɛ̃n,nen
Voltar 1,return,jɤ:h; jɤh,,--,jɤ̂:,jə̂,yâà,jê:,,--,
Voltar 2,return,ba:ɟɲ; baj,,--,bɛj,bæ̂j jə̂,beèy yâà,ɓa̰j,,ɓa̰j,baay
Etnia Tukano,River Indian,--,,--,wɔ̌:h,wɔ̌h,woór,wɔ̌:h,wòh,wɔ̌:h,wóh
Gente 1,people,nãdɤb,nadëb,nɯdɤb,dɤw,dəw,dâw,--,,--,
Gente 2,people,jihub,,juhub,xup,dəw xup [corpo],dâw xup [corpo],hup,,juhup,
Heroi mitico,mythical hero,--,,--,k ʼ ɯ̃̂:ɲ̰,kɨ̃̌ɲ,kʉ̃ʉ́nh,k ʼ ɯ̃̂:ɲ̰,,k ʼ ɯ̃̂:ɲ̰,
Homem 2,man,mãɾahud,,mãɾahud,xut,xut,xut,--,,--,
Menino,boy,ta̰:h; ta:h,,ta̰:h,tɛ̂:,tæ̂,teè,tɛ̃h,tẽ́h,tɛ̃̂:h,tẽ́h
Moça 1,adolescent girl,--,,--,ʔãjãʃǎ:w,ʃâw,saàw,tãʔãʃǎ:w,,tɯ̃hĩhcǎ:w,
Moça 2,adolescent girl,mãɾu:ʃ,,mãɾu:ɟ,--,,,--,,--,
Mulher,woman,ʔɯ̃:ɲ; ʔɯ̃:j̃,,ʔɯ̃:ɲ,ʔã̂:j̃,ʔã̂j,ãày,ʔãj̃,,ʔã̂:j̃,
Paje,shaman,ʃɤ:w,sëëw,ʃɤ:w,ʃɤ̂:w,ʃəw,sâw,cɤ̂:w,sä́w,cɤ̂:w,sä́w
Velho,old man,hɤdna̰:ʔ,wahʼÿÿ,wah,hɤ̌dn,xuthən; xutwâ; xutwǎh,xutrân; xutwaà; xutwaár,wɤhɤ̌dn,wähä́d,wah,
Amidala,tonsil; lymph node,k ʼ a:w,,--,k ʼ ɛ̃:w,,,kak ʼ ǎ:w; kak ʼ aw,,--,
Barba,beard,--,,--,wɛ̃w̃ʔ,(ʃug) wæ̃w’ [goatee-type],(sug) wẽw’ [goatee-type],wɛ̃̌:mʔ,,--,
Barriga 1,stomach,--,,--,tɔʔ,tɔʔ,to’,toʔtǐbm,,--,
Barriga 2,stomach,wog,wog,wog,wɔ̌:k̚,,,--,,--,
Bigode,moustache,nɔ̃ ʃu:g,,nɔ̃ ʃu:g,nɔ̃ ʃu:g  ,nɔ̃hʃug,nõrsug,nɔ̃ʃu:gŋ,nohsúg,--,
Boca,mouth,nɔ̃:h,nooh,nɔ̃:h,nɔ̃h,nɔ̃h,nõr,nɔ̃hk ʼ ǒ̰:dn,,nɔ̃hk ʼ o̰dn,noh-köö́n
Bochecha,cheek,mãwo̰:h,,wɔ:h; nẽmõwo̰:h,wɔ̂:,wɔ̂,woò,ndɔwɔ̌:h,,nãwɔ̌:h,now-wóh
Braço,arm,mõ:h,mooh,mõ:h,--,mĩnɔ̃h,mĩnõr,mɔ̃mũ̌:j̃,,--,
Cabeça,head,nũ:h,nuuh,nũ:h,nũh,nũh,nũr,nũh,núh,nũ̌:h,nuh
Cabelo,hair,--,,--,pǎ:t ; pat,pat,pat,pǎ̃:t,pã̀,pǎ̃:t,pãt
Carne,meat,dab,dab,dab,dɛp,dæp,dep,ɗa̰p,bʼay,ɗǎ̰:p,daap
Corpo,body,hub,,hub,xub,xup,xup,hubʃap,,cap,sap
Costas 1,spine,--,,--,tǐ:ʃ,tǐʃ [spine],tiís [spine],tǐ:ç,,--,
Costas 2,back,jijɔʔ,,nẽjɔʔ,--,mũxǎx,mũxaáx,--,,--,
Costela 1,rib,--,,--,xoʔ,xǒʔ,xôó’,hohoʔ,,hohoʔ,höhö́’
Costela 2,rib,kaɾapaʔ,,kaɾapaʔ,--,,,--,,--,
Cotovelo,elbow,ʃug,,ʃug,ʃǒ:gŋ,ʃɔ̌ŋ,sôógn,--,,jojogŋ,yöyö́g
Fezes,feces,ja̰:ʔ,jʼaa,ja̰:h,jɛ̌:ʔ,jæ̌ʔ,yeé’,jɛ̌:ʔ,yʼèʼ,jɛ̌:ʔ,yé’
Figado,liver,ho:h,hooh,ho:h,--,tǔt,tuút,hɔ̂:,hó,hɔ̂:h,ho
Genitalia,genitals,bo̰:j,,bɔ̰:j,bɔ̂:j,bôj,boòy,ɓɔ̌:j,,--,
Intestino,intestines,--,,--,jɛʔpĩ̂:n,jæ̌ʔ pĩ̂n,yeé’ pĩìn,pĩ̌:n,,--,
Joelho 1,knee,--,,--,wɔ̃dɛ̃h,wãndæh,wãnder,wɔ̃nʔɛ̃̂:,,--,
Joelho 2,knee,taɾodnũ:h,,kaɾonũ:h,--,,,--,,c ʼ ɤgn̰ṵ̃̌:h,
Lingua,tongue,nãk ʼ a̰:d,nagʼaad,nãk ʼ a̰:d,nɔ̃hk ʼ ɛd,nɔ̃h-kæ̂d,nõr-keèd,nɔ̃hk ʼ ɛ̰̌:dn,,nɔ̃hk ʼ ɛ̌̂:dn,
Mão,hand,mɔ̃:h,mooh,nɛ̃mɔ̃:h,mĩnɔ̃h,(dəw) ʃôb (ʃôb piʃ = dedo),(dâw) sôòb (sôòb pis = dedo),nɛ̃pũh,,pɔ̃̂:h,põh
Mão direita,right hand,tahub,,nẽmɔ̃hub,xup,ʃôb xup,sôòb xup,mũhǔ:p,,--,
Mao esquerda,left hand,ʃɯ̰̃:ʔ,sʼỹỹ,ʃã̰:h,ʃã̌h,ʃôb ʃã̌h,sôòb sãár,cɔ̌̃h,sõ̀h,cẫh,
Nariz,nose,--,,--,tô:ɟ,tɔ̂ɟ,toòj,tǒ:ɟɲ,,tô:ɟɲ,
Orelha,ear,nabu:j,nabuuj,nabu:j,--,xũ̂j,xũùy,ɓɔ̰ɾɔk,,ɓṵjɾɔk,buy-rok
Osso 1,bone,--,,--,k ʼ ɛ̂:g,kæ̂g,keèg,k ʼ ɛ̰̌:gŋ,,--,
Osso 2,bone,kɯ̰:ʔ,kʼÿÿ,kɤ̰:h,--,,,--,kʼèg(?),kɤ̂:ʔ,kä́’
Peito,chest,--,,--,--,bə̌p,bâáp,hɔ̃ʔtɤ̂:gŋ,hũʼ,hɔ̃ʔtɤ̌:gŋ,hõ-täg
Pomo-de-adão,adam’s apple,--,,--,ʔɔ̃ŋʔ,ʔɔ̃̌ŋ’ [garganta],õógn’ [garganta],ʔɔ̃ŋʔ,,--,
Pubis,pubic hair,ʃɤ:dn,sëën,ʃɤ:dn,ʃadn,cân,çaàn,cãn,sán,cã̌:n,sãn
Pulmão,lung,ʃapu:w,sapuuw,ʃapu:w,--,w‘ǒk,‘woók,pupuh,,pupû:h,pupúh
Queixo,chin,ba̰:h,,ba̰:h,báx,təg bǎx,tâg baáx,--,,--,
Saliva 1,saliva,c ʼ ɔʃ,,c ʼ ɔʃ,c ʼ ɔʃ,hǎh (cɔ̌ʃ cuspir),raár (çoós cuspir),--,,c ʼ ɔjh,
Saliva 2,saliva,--,,--,--,,,nɔ̃hʃǎ:w,,nɔ̃hcǎ:w,noh-sáw
Seio,breast,--,,--,pû:dn,pûn,puùn,pû:dn,pùd,pû:dn,pún
Sobrancelha 1,eyebrow,k ʼ ɤ:dn,,k ʼ ɯ:dn,--,tɨm bɔk cæ̃̂n,tʉm bok çẽèn,--,,--,
Testa,forehead,mãboɾə,,mãbuɾə,--,bəkə̂,bâkâà,--,,--,
Umbigo,navel,--,,--,pǔ:ʃ,pǔʃ,puús,pǔ:ç,pùç,popû:jʰ,
Unha,fingernail,pɔ̃hbɔg,,--,bɔk,ʃɔb bɔk,soob bok,ɓɔk,,pɔ̃hɓɔ̰k; mɔ̃hɓɔ̰k,
Abelha (generico),bee,hǐ:h,,hǐ:h,hĩh,næ̃̂g,nẽèg,--,,hĩ̌:h,
Aranha 1,spider,ʃãnãjo:ʔ,sanajoo(h),ʃãnẽjo:h,jɔ̌:ʔ,jɔʔ (venenoso em geral),yo’ (venenoso em geral),mbɔjɔʔ,,jɔ̌:ʔ,yo’
Aranha 2,spider,--,,--,ʃũ̌:h,ʃũ̌h (não-venenoso em geral),sũúr (não-venenoso em geral),cũ̌:h,,cũ̌:h,sũh
Barata 1,cockroach,--,,--,nǎ:p,nǎp,naáp,ndaɾap,dadáp,ndahndǎ:p,dadáp
Barata 2,cockroach,kabataɾə,kamara,kamãtarə,--,,,--,,--,
bicho-do-pé,Chigoe flea (Tunda penetrans),dɛdn,dén,dɛdn,dɛdn,dæn,den,nʔǎ̃n,nʼán,nʔǎ̃n,naan
Borboleta (generico),butterfly,--,,--,mɛbm,mæm,mem,ɓḛɓḛp,bʼö̀ʼ,bebep,
Borboleta,morpho butterfly (Morpho sp.),--,,--,xowʔ,mæm xow’,mem xôw’,kɔɾɔhɔ̌:gŋ,korohòg,hɔgŋ,hog
Caba (generico),wasp,mãʔjuʔ,,--,jʔɔ̌:ʔ,j’ɔ̌ʔ,‘yoó’,jɔ̌:ʔ,yòʼ,jɔ̌:ʔ,yó’
Caba 1 (sp.),wasp sp.,ʔatɯ:d,atëëd,ʔatɯ:d,--,,,--,,--,
Caba 2 (sp.),wasp sp.,mũ:k,,mũ:kŋ,mũ̃̂:,mũ̂,mũù,mũ̃̂:,mú,mũ̌:h,muh
Carrapato 1,tick,--,,--,ʃě:bm,ʃæ̂m,seèm,cě:bm,tah-së̀b,cê:bm,
Carrapato 2,tick,k ʼ awaɾɯ̰:b,gawarʼëëb/gawarʼyyb,k ʼ ɯɾɯ̰:b,--,,,--,,--,
Centopeia,centopede,ʃʌ:j,sëëj,--,ʃâ:j,kəw,kâw,cǎ:j,sày,--,
Cupim,termite,--,,--,buʔ,buʔ ʔɔ̃̂w,bu’ õòw,ɓṵʔ,bʼúʼ,ɓṵʔ,buu’
Escorpiao,scorpion,ʃʌ:j,sëëj,ʃaj,ʃaj,ʃâj,saày,--,,caj,
Formiga 1 (sp.),ant sp.,--,,--,mob,,,bobobm,,--,
Formiga 2 (sp.),ant sp.,kaɾaʔwaʔ,karewa,kaɾaʔwɛ̃t,xawʔ,xaw’,xaw’,--,,--,
Formiga-correiçao 1,army ant sp. (sp.),kako:ʃ,,kuku:ʃ,xoʃ,xoʃ,xôs,koç,kö́ç,kô:jʰ,
Formiga-correiçao 2,army ant sp. (sp.),ʃɯ̰̃:w,sʼỹỹw,ʃã̰:w,ʃã̂:w,ʃã̂w,sãàw,cǎ:w,sàw,câ:w,
Formiga-sauva 1,sauva ant (sp.) (comestivel),--,,--,hǔ:d,hǔd,ruúd,hǔ:dn,hùd,hǔ:dn,hún
Formiga-sauva 2,sauva ant (sp.) (comestivel),wɤg,,wɤg,wɤk,wək,wâk,wɤk,wä́k,wɤk; wɤ̌:gʔ,
Grilo 1,cricket,--,,--,ʃǔ:c,ʃuc (em geral),suç (em geral),cǔ̃:cʔ,,cũ̌:ɟʔ,
Grilo 2,cricket,--,,--,dǐ:t,,,--,,dî:dʔ,
Larvas,larva; caterpillar,--,,--,--,tõ̌h,tõór,pɔpɔ̌:p,,pɔ̂:p,pop
Mel,honey,--,,--,nɛ̃̂:g,næ̃̂g,nẽèg,nɛ̃̌:ŋ,,nɛ̃̌:ŋ,nég
Mosca,fly,--,,--,c ʼ ɔ̰p,cɔp,çop,c ʼ ɔ̰p,,c ʼ ɔ̰p,
Mutuca,horsefly,bugŋ,,buk,bux,bux,bux,ɓṵh,bʼúh,ɓṵh,buuh
Piolho,louse,nã:m,naam,nã:m,nɛ̃̂:m,næ̃̂m,nẽèm,nɛ̃̌:m,nèm,nɛ̃̂:m,ném
Pium,blackfly,--,,hṵ:gŋ,hǒ:h,hǒh,rôór,huʔ,húʼ,huʔ,hu’
Tocandira,bullet ant (Paraponera clavata),wɯ:w,wyyw,wɯ:w,wɯ̂:w,wɨ̂w,wʉʉ̀w,wǐ:w,wìw,wî:w,wíw
Vaga-lume,firefly,hu:j,,hu:j,xǔ:j,xǔj,xuúy,huhǔ:j,ih,huhû:j,huhúy
Acima 1,above,--,,tajɔ,--,pɔx,pox,hijoʔ,,--,
Acima 2,above,sakut,,sukut,xô:d,,,--,,hǒ:dn,
Dentro,inside,ʃu:dn,suun,ʃu:dn,--,kæd,ked,--,,--,
Embaixo,under,ʔɯ:t; ʔɯt,yt hẽ,ʔɯt,--,bɨ̌t,bʉʉ́t,--,,--,
Fundo 1,deep,--,,--,--,tû,tuù,wã̂:n,,wã̂:n,wãn
Fundo 2,deep,tɔ̰̃p,,tɔ̰̃p,--,,,--,,--,
Longe 1,far,--,,0,hɔ̃̌t,hɔ̃t,rõt,hɔt,,hɔt,hot
Rio acima,upriver,tak ʼ a:d,,tak ʼ a:d,--,xôd,xôòd,--,,--,
Aldeia,village,--,,--,jɛ̃m,nĩh xɔ̌t,nĩr xoót,hããm,hãyám,jã̌:m,yãm
Caatinga,caatinga (area of sandy soil),wɤ̰:g,,wɤ̰:g,wɤ̰̌:k,wə̌k,wâák,--,,wɤ̰̂:g,
Capoeira,overgrown fields,k ʼ ɤwpa:h,,k ʼ ɤpa:h,ʔwah,w’ǎh,‘waár,--,,--,
Cerca 1,fence,--,,--,ʃâ:d,ʃâd,saàd,hiʃǎ:dn,,--,
Cerca 2,fence,ʃu:j,,ʃu:j,--,,,--,,--,
Cerrado (ervas),overgrown,tagawɤ:ɟ,,--,wʔeɟ,w’eɲ’,‘wênh’,--,,--,
Roca 1,garden,k ʼ ɤ:w,,k ʼ ɤ:w,k ʼ â:w,kâw,kaàw,--,,--,
Roca 2,garden,--,,--,--,,,ɓɔ̰̌:t,,ɓɔ̰̌:t,boót
Arco-iris,rainbow,sapahɔ̃d,,mɔ̃hɔ̃d,--,w’ad,‘wad,--,,--,
Areia 1,sand,ho:d,hood,hu:d,--,,,--,,--,
Areia 2,sand,--,,--,--,xæ̂w,xeèw,wɛgŋjǒ:h,,wê:gŋ,
Ceu 1,sky,--,wë puh,poh,pɔx,pɔx,pox,poh,,poh,
Chuva,rain,do:ʃ; doɟ,adoos,du:ʃ,doɟ,dɔɟ,doj,ɗo̰ɟɲ,,ɗo̰jɟɲ,
Estrela,star,--,,--,m̰ʔɛ̃̌:h,m’æ̃̌h,‘mẽér,weɾom̰ʔɛ̰̃h,,weɾom̰ʔɛ̃̌:h,
Lago,lake,mɔ̃:h,,--,m̰ɔ̃h,m’ɔ̃h [pequeno]; mɔ̃̂ [grande],‘mõr [pequeno]; mõò [grande],mɔ̃h,móh,mɔ̃̌:h,moh
Neblina,fog,c ʼ ɯ:g,atsyg,c ʼ ɯ:g,--,bɨg ʔû,bʉg uù,c ʼ ɯ̰̌:k,,c ʼ ɯ̰̌:k,sɨɨ́k
Pedra 1,stone; hill,--,,--,pǎ:ʃ,pǎʃ,paás,pǎ:ç,,pâ:jʰ,
Pedra 2,stone; hill,pʌʔ,pä,pʌʔ,--,,,--,,--,
Rio,river,tãmi:̃h,tamiih,tãmĩ:h,mĩʔ,nə̌x pôg,nâáx pôòg,ndehmĩh,dëhmí,mĩ̌:h,mi
Sol 1,sun,--,,--,xɔtɯbm,xɨtɨ̂m; xotɨ̂m,xʉtʉʉ̀m; xotʉʉ̀m,wɛɾɔ̂:,,wɛɾhɔ̂:h,werho
Sol 2,sun,papɯ̃:j,papỹỹj,papã:j,--,,,--,,--,
Solo,ground,tũ:ʔ,,tũ:ʔ,tû:,tû,tuù,tû:,tù,tǔ:h,túh
Terra,earth; land,c ʼ ʌgŋ,tsäng,c ʼ ʌkŋ,c ʼ ax,cax,çax,c ʼ a̰h,,c ʼ ah,saah
Trovao 1,thunder; lightning,--,,--,pɛ̃j,pæ̃j,pẽy,pɛ̃j,,pɛ̃j,pẽy
Trovao 2,thunder; lightning,daɾugŋ,darung,nãɾukŋ,--,,,--,,--,
Vento,wind,baʔṵd,,ho:d,hǒ:t,hǒt,rôót,bohǒ:t,búd,wohô:t,wöhö́t
Avô,grandfather,ʔo:w,oow,ʔɔ:w,--,xed [avó: pə̌ʔ],xêd [avó: pâà’],ʔuw,wʼä̀t,ʔǔ:wah,
Cunhado,affine,jo̰:h,jʼooh,jɔ̰:h,jɔ̂:,yɔ̂,yoò,ʔajɔ̌:h,,jɔ̂:h,yóh
Esposa,wife,ʔɯ̃:m; ʔʌ̃m,ỹỹm,ʔɯ̃̃:m,ʔã̂:m,ʔã̂m,ãàm,--,,--,
Filha,daughter,to:g,toog,tu:g,tôg,tôg,tôòg,tôg,tö́g,tôg,tö́g
Irma,sister,ʔãɲ,ä̃nh,ʔãj̃,wɤʔãj̃,wɔh ʔã̂j,wor ãày,--,,--,
Mãe,mother,ʔɯ̃:n,ỹỹn,ʔaʔɯ̃n,--,mã̌m; mæ̃ʔ [voc],mãám; mẽ’ [voc],ʔĩ̌:n,hiyö́ʼ,--,
Marido,husband,patug,patug,tapatug,tug,tug,tug,--,,--,
Pai 2,father,ʔe:ʔ,,ʔe:ʔ,ʔɛh,ʔæh [voc],er [voc],ʔɛ̌:h,,--,
Tio (materno),uncle (mother’s brother),k ʼ ɔd; k ʼ ad,gód,k ʼ ɔd,k ʼ ɔ̰t,kɔt [also sogro],kot [also sogro],k ʼ ɔ̰t,,k ʼ ɔ̰ʔ,koot
Peixe (generico),fish,hɯ̰̃:b,tahʹỹỹb,hã̴̰:b,hǎ̃:p,hã̌p,rãáp,hɔ̃̌:p,hä́b,hɔ̃̂:p,hõp
Acará (sp.),acará fish (Familia dos ciclideos),dobm,,dobm,dobm,dom,dôm,ɗo̰bm,dʼö́b,ɗo̰bm,dööm
Aracu (sp.),aracu fish (familia dos anostomideos),--,,--,xɔt,xɔt,xot,pɔhɔt,pohót,wɔhɔt,wohot
Arraia,stingray (Potamotrygon sp.),c ʼ a̰:h,tsʹaa,c ʼ ɛ̰̌:ʔ,c ʼ ɛ̰̌:ʔ,cæ̌ʔ,çeé’,c ʼ ɛ̰̌:ʔ,sʼèʼ,c ʼ ɛ̰̌:ʔ,seé’
jeju (sp.),fish sp. (Erythrinus sp.),dɔg,,--,dɔk,dɔk,dok,ɗɔ̰k,,ɗɔ̰k,dook
Muçum,swamp eel (Synbranchus marmoratus),--,,c ʼ og,c ʼ og,cog,çôg,--,,--,
Peixe-boi,Amazonian manatee (Trichechus inunguis),jaɟ,wajats,ja̰:ɟ,jâ:c,jâc,yaàç,--,,--,
Piaba (sp.),fish (esp. minnows),--,,--,jô̰:g,j’ôg,‘yôòg,jǒ:gŋ,yö,jǒ:gŋ,yöög
Poraque,electric eel (Electrophorus electricus),c ʼ abud,tsabud,c ʼ abud,but,but,but,c ʼ uɓṵt,suʼbút,ɓṵt,buut
Surubim,barred sorubim (Pseudoplatystoma fasciatus),--,,--,pɔ̌:j,pɔ̌j,poóy,pɔ̌:j,,pɔ̌:j,
Tambuata,brown hoplo (catfish) (Hoplosternum littorale),--,,--,ʔɔ̌̃:ʔ,ʔɔ̃̌ʔ,õó’,ʔɔ̌:ʔ,òʼ,ʔɔ̌:ʔ,
Traira,trahira fish (Hoplias sp.),bo:j,booj,--,bô:j,bôj,bôòy,ɓǒ̰:j,bʼö̀y,ɓô̰:j,böö́y
Escama,scale,pʌd ,,pʌd ,pec,pec,pêç,pec,pë́s,pě:ɟ,
Isca,bait,nɯ̃:ʔ,,nɯ̃:ʔ,nĩ̌:ʔ,nĩʔ,nĩ’,nɯ̃̌:w̰ʔ,,nɯ̃̌:wʔ,
Piolho-de-peixe,fish lice,jɛɟ,,--,jɛ̂:,jæ̂,yeè,--,,--,
1sg Eu,1sg,ʔɯ̃h,ỹỹh,ʔɯ̃h,ʔãh,ʔãh,ãh,ʔãh,ã́h,ʔãh,
2sg Voce,2sg,ʔɔ̃m,õm,ʔɔ̃m,ʔãm,ʔãm,ãm,ʔãm,ám,ʔã̌m,
3sg Ele,3sg,--,,--,tih,tih,tir,tɯh,tɨh,tɯh,tɨh
2pl Voces,2pl,--,,--,nɯ̃g,nɨg,nʉg,nɯ̃ŋ,nɨ́g,nɯ̃̌:ŋ,nɨg
3pl Eles,3pl,--,,--,hid,hid,rid,hɯdn,hɨ́d,hɯ̃̌:n,
Como (inter.),how,--,,--,hĩnĩʔ,hĩn’,rĩn’,hĩnʔ,,--,
Não 1,no,do:h,dooh,du:h,dǒ̃h,?,?,nɯ̃h,,nãh,
Não 2,no,mã:ʔ,,--,mɛ̃h,mæ̃h,mẽr,pã̌:,,--,
Reportativo,reported evidential,mɯ̃h,,--,mãh,mãh,mãr,mãh,mah,--,
Amargo,bitter,c ʼ ʌgŋ; c ʼ ɤ:h,,c ʼ ʌgŋ,c ʼ â:,câ,çaà,c ʼ â̰:,cʼa,c ʼ â̰:,saa
Azedo 1,sour,mãc ʼ igŋ; mãc ʼ i:h,,mãc ʼ igŋ,c ʼ î:,ʃɨ̂w,sʉʉ̀w,--,,--,
Azedo 2,sour,--,,--,--,cî [food going bad],çiì [food going bad],k ʼ ĩ̂:,,k ʼ ḭ̌j,kii
Bom,good,nɯ̃:w̃,,nã:w̃,--,jæ̃̂w,yẽèw,nã̌:w̃,náw,nã̌:w̃,naw
Bravo,fierce,--,,--,tɤ̂:w,təw,tâw,tɤ̂:w,tä́w,tɤ̂:w,täw
Catinga; fedor,stink,--,,--,mudn,mun,mun,mbudn,,--,
Comprido 2,long,ɾɔbm; ɾɔw,,--,jɔw; jɔbm,jɔm [long torso – animate],yom [long torso – animate],--,,--,
Cozido,cooked,tɤ:d,,tɤ:d,--,xǎh,xaár,--,,--,
Doce,sweet,k ʼ ɤ:h; k ʼ ɤ̰:h,egÿÿh,k ʼ ɤ̰:h,k ʼ ɤh,kəh,kâr,k ʼ ɤ̰h,kʼä́h,k ʼ ɤ̰h,kääh
Duro,hard,ʔabagŋ; ʔiba:h,,ʔabagŋ; ʔabah,bɛʔ,bæʔ,be’,taɓa̰ʔ,tabʼàʼ,taɓa̰ʔ,tabaa’
Enrolado (fios),rolled up,--,,--,new̰ʔ,n’æ̃w’,‘nẽw’,ndew,dë́w,--,
Fino,thin,ʃa̰:p; ʃa:b,sawasaab,--,ʃɤ̌:p,ʃə̌p [for material; e.g. wood; cloth; etc.],sâáp [for material; e.g. wood; cloth; etc.],cɤ̌:p,säsä̀w,cɤ̂:p,
Forte,strong,jo:ɟɲ; jo:j,,jo:j,--,wɨm,wʉm,--,,--,
Fraco 1,weak,--,,--,wɛ̌:j,wæ̌j,weéy,wɛ̌:j,,wɛ̌:j,wey
Fraco 2,weak,--,,--,wɛj,,,wɛj,,wɛj,wey
Frio 1,cold,--,,--,--,baʔ [things; people; water],ba’ [things; people; water],tut,,tǔ:t,tut
Frio 2,cold,hɤ:bm; hɤ:w,hahëëm,hɤ:bm,--,,,--,,--,
Grande,big,pogŋ,,bog,nɤxpog,peg; pôg,pêg; pôòg,pogŋ,pö́h,pogŋ,pö́g
Grosso,thick,--,,--,--,peʃ,pês,kɤʔ,kʼãʼ,kɤʔ,kä’
Mole,soft,--,,--,jû:d,jûd,yuùd,--,,jû:dn,
Pequeno,small,--,,--,piʃ,piʃ,pis,--,, -is,
Quente 1,hot,--,,--,k ʼ ɯ̰̂:,kɨ̌ʔ [agua],kʉʉ́’[agua],k ʼ ɯ̰̂,,--,
Quente 2,hot,juʔ,baju,juʔ,juʔ,hæ̃d jǔʔ [comida; peesoa; febre]; jǔʔ [ano],rẽd yuú’ [comida; peesoa; febre]; yuú’ [ano],--,,--,
Redondo,round,k ʼ aɾaɾebm; k ʼ aɾaɾew,,k ʼ anãɾebm,lebm; nebm,lem; nem,lêm; nêm,ndeɾebm,dërë́b,debm,
Reto,straight,--,,--,jɔ̂:w,jɔw,yow,jɔ̂:w,yú,jɔ̂:w,
Seco,dry,--,,--,--,xɔp,xop,hɤ̂:bm,,hɤ̂:bm,häm
Seco (arvore),dry (tree),to:h; tɔgŋ,bʼaa tooh,to:h,tɔ̂:,tɔ̌h,toór,tɔ,tó,tɔ̂:,to
Verdadeiro,TRUE,--,,--,xup,xǔp,xuúp,--,,hub,
Vivo,alive,--,,--,ʔɯb,jɨm [vivo]; ʔɨb [acordar],yʉm [vivo]; ʉb [acordar],ʔɯb,ɨbʼ,--,
Dois,two,--,,tɯbmwɔp,tɯ̌:bm,tɨ̌m [cf. tɨm ‘eye’],tʉʉ́m [cf. tʉm ‘eye’],--,,--,
Feixe 1,bundle,--,,--,k ʼ ok,kǔk,kuúk,k ʼ uk,,--,
Feixe 2 (de fios),bundle (of strings),--,,--,mɔ̂:g,mɔ̂g,moòg,bɔ̂:gŋ,,--,
Metade,half,--,,--,tǔ:t,tǔt,tuút,--,,mĩhtû:t,mih tut
Par; companheiro,pair; companion; twin ; gemeo,mãb,,--,mã:bmʔ,mǎm’,maám’,mbǎ:bmʔ,bábʼ,--,
Pedaco,piece,bʌh,,--,bǎ:x,bǎx,baáx,ɓa̰h,bʼah,--,
Plural 1,plural,poʔwɔp; tamãʔwob,,tɯbmwɔp; poʔwɔb,--,,,--,,--,
Plural 2,plural,--,,--,hawap; mutwap,hawap [quantos?],rawap [quantos?],aʔap; haʔap,--,--,
Jabuti 1,tortoise (yellow-footed) (Geochelone denticulata),--,,--,mĩ̌:ʃ,mĩ̌ʃ,mĩís,mĩ̌:h,mìh,mĩ̂:jh,míh
Jabuti 2,tortoise (yellow-footed) (Geochelone denticulata),mãtug,matug,mãtug,--,,,--,,--,
Calango (sp.),small lizard,--,,--,--,buɟ,buj,ʔɔw,ów,ʔɔw,ow
Jacare (generico),caiman,--,,--,xɛ̌:t,xæ̌t,xeét,hǎ:t,hàt,hâ:t,hát
Jararaca 1,pit viper (Bothrops sp.),bʌ:w,,bʌ:w,bâ:w,bâw,baàw,ɓâ̰:w,,ɓǎ̰:w,baaw
Jararaca 2,pit viper (Bothrops sp.),k ʼ atɯ̃:j̃,gatỹỹj,--,tɤghĩ̂:,təghĩ̂,tâgrĩ ì,tɯ̃hɯ̃̂:j̃,tɨ̃hɨ̃́y,tɯ̃hɯ̃̌:j̃,tɨ̃hɨy
Lagarto (sp.),lizard,c ʼ abu:ɟ,,c ʼ abu:ɟ,--,,,--,,--,
Surucucu,South American bushmaster (snake) (Lachesis muta),ha:k,,ha:kŋ,xɛ̂:g,xæ̂g,xeèg,hɛ̌:gŋ,hèg,hɛ̂:gŋ,hég
Tamacuaré (sp.),diving lizard (Uranoscodon superciliosus),--,,--,ʃɤʔwɤbm,?,?,cɤw̰ʔɤbm,wʼä̀t,w̰ʔɤ̌:bm,wääm
Agora,now,--,,--,tê:dn,tên,têèn,tɛ̌̃:n,ten,--,
Ainda,still,--,,--,tɛ̂:,těh,têér,tɛ̂:,té,--,
Dia 1,day,hewag,,muwagŋ,--,wə̌t,wâát,wagŋ,,wagŋ,
Dia 2,day,ʔadɤb,adëb,ʔadɯb,--,,,--,,--,
Ontem,yesterday,c ʼ ɛbm,,c ʼ ɛbm,c ʼ ɛ̌:bm,cæ̌m,çeém,c ʼ ã̰̂:m,sím’,c ʼ ã̰̌:m,sãam
Tarde,late,tũ:h,tug,tũh,duʔ,duʔ,du’,ɗṵʔʔ,dʼúʼ,--,
Anzol,fishhook,koɾã:j,,koɾã:j,lǎ:jʔ,lǎj’,laáy’,--,,ndâ:jʔ,dáy’
Arco 1,bow,kaɾabaʔ,karaba,kaɾabaʔ,--,,,--,,--,
Arco 2,bow,--,,--,k ʼ ḭ̃ɲ,cɔk [kĩɲ ‘flecha’],çok [kĩnh ‘flecha’],k ʼ ḭgbah,,k ʼ ḭgŋwah,
Bagagem,baggage,--,,--,kaʃpãj̃,kaʃpaj,kaspay,paj,páy,--,
Canoa,canoe,ho̰:h,hʼooh,hɔ̰:h,xɔ̂:,xɔ̂,xoò,hɔ̌:h,hóp,hɔ̂:h,hóh
Casa 1; buraco,house; hole,mɯ̃:j̃,,mɯ̃:j̃,mã̂:j̃,mã̂j,mãày,mǒ̃:j̃,,mõ̂:j̃,
Casa 2,house,tɔb,tób,tɔb,tɔp,tɔp,top,tɔp,,--,
Cesto 1,basket (disposable),--,,--,ʃeʔmãc,mãc [disposable; made of leaves],mãç [disposable; made of leaves],mãɲ; cɛʔ,,cɛʔ; mã̌:ɲ,
Cesto 2,basket; aturá,--,,bɯ:j,bɤj,bəj [atura],bây [atura],--,,--,
Colar,necklace; bead,mãjo:ɾɵ,majoor,mãjo:ɾɵ,--,kædhæ̃̂ [also ‘miçanga’],kedrẽè [also ‘miçanga’],--,,--,
Coisa,things,--,,--,hɛ̃̌:h,?,?,hɛ̃̌:h,héw,hɛ̃̌:h,hẽ́h
Cuia 1,gourd dipper,--,,--,bɔʔ,bɔʔ,bo’,ɓɔ̰̌:ʔ,,ɓɔ̰ʔ,boó’
Cuia 2,gourd dipper,ʔɤk,ëk,ʔɤk,--,,,--,,--,
Escopeta,shotgun,tɤg,tëg,tɯg,--,xâw’,xaàw’,tegŋ,të̀g,tegŋ,tëg
Espelho 1,mirror,--,,--,wɤ̂:k,hũjwə̌k,rũywâák,mɔ̃jwɤ̂k,,jɤ̂:k,
Espelho 2,mirror,japow,,jehpow,--,,,--,,--,
Facão,machete,--,,--,wã̂:n,wã̂n,wãàn,wã̌:n,wàn,wã̌:n,
Flauta,flute,--,,--,--,?,?,pĩ̌:h,nɨ́h,pĩ̌:h,pĩ́h
Gancho,hook,kɤ:ʔ,,k ʼ a̰:h,k ʼ ɛ̌:ʔ,kɔ̂,koò,--,,--,
Jirau,shelf; smoking grid,--,,--,wab,julâ [shelf]; wab [smoking grid],yulaà [shelf]; wab [smoking grid],wabm,wäg,wǎ:bm,wam
Machado,axe,mɯ̃:m,mỹỹm,mɯ̃:m,mã̂:m,mã̂m,mãàm,mɔ̃̂:m,mòm,mɔ̃̂:m,móm
Panela 1,pot,--,,--,bɔk,bɔk,bok,ɓɔ̰k,,ɓɔ̰k,book
Panela 2,pot,ʃaɾe:j,sareej,ʃeɾe:j,--,,,--,,--,
Peconha,circle,põ̰:d,,po̰:d,pɔ̌:t,pɔ̌t,poót,pɔ̌:t,pòt,pɔ̂:t,pót
Pente,comb,pɤʃ,,--,pɤ̌:ʃ,pə̌ʃ,pâás,pɤ̌:ç,pä̀ç,pɤ̌:jh,
Porta,door,tɔbnɔ̃:h,,nɔ̃:h,tɔpjɔ̃h,jɔ̃h,yõr,mɔ̃jɔ̃̌:h,mú,--,
Ralo,grater,--,,hãb,hɯ̌̃:p,hɨ̃̌p,rʉ̃ʉ́p,hɯ̌̃:p,hɨ̃p,hɯ̌̃:p,hɨ̃́p
Rede,hammock,jag,jag,jag,jɛg,jæg,yeg,dʲagŋ,yàg,jagŋ,yag
Roupa,clothes,--,,--,jû:dn,jûn,yuùn,jǔ:dn,yùh,jû:dn,yún
Tesoura,scissors,--,,--,hɛ̂:j̰ʔ,hæ̌j’,reéy’,hɛ̌hɛ̌:j̰ʔ,,hɛ̂:j̰ʔ,hey’
Zarabatana 1,blowgun,--,,--,bǎ:k,bǎk,baák,caɓǎ̰:k,,ɓǎ̰:k,baák
Zarabatana 2,blowgun,ʃo̰:w,sʼoow,ʃo̰:w,--,,,--,,--,
Arvore (generico),tree (generic),bʌ̰:h,bʹaah,ba̰:h,bɛ̂:,bæ̂,beè,--,,--,
Algodão 1 (sp.),cotton (kapok),kawad,kawad puuw,kawad,--,,,--,,--,
Algodao 2 (sp.),cotton (kapok),ʃawɯk,sawyk,ʃɯwɯkŋ,wuk,wuk,wuk,cuwǔ:k,,wû:k,wúk
Cipó (generico),cipó vine,ju:bm,juum,--,jubm,jum,yum,jubm,yúb,jǔ:bm,yum
Cipó-de-imbe,cipó sp. (Philodendron imbé),--,,--,ʔwɤk,w’ə̌k,‘wâák,wě:k,,wê:k,wë́k
Cipó (sp.),cipó sp.,ʃaɾo:p,saroop,ʃoɾo:p,--,,,--,weró,--,
Coca,coca (Erythroxylum coca),batoʔ,bato,--,tuʔ,tuʔ,tu’,--,,--,
Embauba 1,embauba (tree) (Cecropia sp.),c ʼ akod,,c ʼ akod,--,,,--,,--,
Embauba 2,embauba (tree) (Cecropia sp.),bo:h,,--,bô:,bô,bôò,ɓɔ̂:̰h,bʼö̀h,ɓɔ̂:̰h,
Embira 1,embira (tree w/ cloth-like bark) (familia das anonaceas),ʃɯ̰:b,sʼyyb,ʃɯ̰:b,ʃɯ̰:p,ʃɨ̌p,sʉʉ́p,--,,ʃɯ̰:p,sɨɨp
Embira 2,embira (tree w/ cloth-like bark) (familia das anonaceas),--,,--,--,,,cɛ̂:,sé,cɛ̌:h,see
Escorrega-macaco,purpleheart (tree) (Peltogyne paniculata),pɤ:w,,pɤ:w,bɤ̂:w,bə̂w,bâàw,ɓɤ̰̂:w,,ɓɤ̰̂:w,b’ä̀w
Sorva,cow tree (Couma sp.),wabɤ:h,,--,bɤ̌:h,bə̌h,bâár,ɓɤ̌:h,,ɓɤ̌:h,
Tabaco,tobacco (Nicotiana tabacum),hũ:t,hũũt,hũ:t,hũ̌:t,hũ̌t,rũút,hũ̌:t,hũ̀t,hũ̌:t,hũt
Timbo (generico),fish poison plant/vine (plantas ictiotoxicas),dṵ:j,dʼuuj,dṵ:j,dǔ:ʃ,dǔʃ,duús,ɗṵ:ç,dʼùç,ɗṵ̂:jʰ,
Tururi,tururi (tree with useful fibers) (Sterculia sp.),--,,--,bob,bob,bôb,bʔobm,,--,
Casca,bark,bɔg,tabóg,bɔg,bɔk,bɨk,bʉk,ɓɔ̰k,,ɓɔ̰k,book
Cerne 1,tree trunk?,c ʼ ɯ̰:d,,c ʼ ɯ̰:d,c ʼ ǎ:t,cǎt [arvore duro],çaát [arvore duro],--,,--,
Cerne 2,tree trunk?,--,,--,--,,,sɤʃɤ̌:w,,cɤcɤ̂:w,säsä́w
Espinho,spine; thorn,--,,--,ʔut,ʔǔt,uút,ʔut,ùt,ʔud,
Flor,flower,c ʼ o̰:h,tsʹooh,c ʼ o̰:h,c ʼ ô̰:,cɔ̂,çoò,c ʼ ô̰:,,c ʼ ô̰:h,
Folha,leaf,k ʼ a̰:d,gʹaad,k ʼ a̰:d,k ʼ ɛ̰̌:t,kæ̌t,keét,k ʼ ɛ̰̌:t,kʼèt,k ʼ ɛ̰̂:t,keet
Raiz 1,root,--,,--,tǐ:ʃ,tǐʃ [roots in/on ground],tiís [roots in/on ground],tǐ:h,tìh,tî:jʰ,
Raiz 2,root,kɔbm,kóm,kɔbm,xɔbm,xɔm [roots extending from trunk to ground],xom [roots extending from trunk to ground],--,,--,
Semente 1,seed,tɯbm,tatym,tɯbm,tɯbm,tɨm,tʉm,--,,--,
Semente 2,seed,--,,--,--,,,wɤgŋ,,wɤ̂:g,wäg
Fruta (generico),fruit,ʔag,ag,ʔag,ʔɛg,ʔæg,eg,ʔagŋ,ág,ʔagŋ,
abacaxi,pineapple (Ananas sativus),--,,--,jɔ̂:j,?,?,jɔ̌:j,yòy,jɔ̂:j,yóy
Abacaxi,pineapple (Ananas comosus),mãwã:d,mawããd,mãwã:d,wã̌:n,wã̌n,wãán,--,,--,
Banana 1,banana (Musa sp.),mãʃe:ɾɵ,maseer,mãʃe:ɾɵ,ʃelʔ,ʃêl’,sêèl’,--,,--,
Banana 2,banana (Musa sp.),--,,--,--,,,pɯhɯ̌:t,pɨhɨ́t,wɯhɯ̌:t,wɨhɨt
Banana 3,banana (Musa sp.),pãnã:ɾ; pãnã:l,panaar,pãnã:ɾ,nã̌:lʔ,nã̂l’,nãàl’,--,,pãnãh,
Caju,cashew (Anacardium sp.),--,,--,--,waʃap,wasap,ɲãhãm,yahám,jãhã:m,yãham
Cucura 1,Amazonian tree-grape,--,,,huh,huh,rur,mbuhuh,dʼak,--,
(Pourouma cecropiaefolia),,,,--,,,,,,,
Cucura 2,Amazonian tree-grape (Pourouma cecropiaefolia),taɾapo:ʔ,tarapoo,ʃaɾapu:ʔ,--,,,--,,--,
Inga 1,inga (Inga sp.),kãmɛ̃ʔpiʔ,kamepi,k ʼ upiʔ,--,,,--,,--,
Inga 2,inga (Inga sp.),--,,--,mĩ̂:n,mîn,miìn,mĩ̌:n,mìn,mĩ̂:n,mín
Ira-pixuna,Ira-pixuna,--,,--,nô:g,nôg,noòg,ndôgŋ,dö̀g,--,
(Coccoloba pixuna),(tree) (Erisma japura),,,,,,,,,,
Açai,açaí palm (Euterpe sp.),mãnãg,,mãnãg,nã̌:k,nã̌k,nãák,--,,--,
Bacaba 1,bacaba palm (Oenocarpus sp.),wʌgŋ,wäng,wʌkŋ,waxwǒ:h,wax wǒr,wax wôór,wohsiwib,,wawǒ:h,
Caraná,caraná palm (Mauritia sp.),kapo:ɟɲ,,tapo:ɟɲ,pɔ̂:j,pɔ̂j,poòy,--,,--,
Pupunha 1,peach palm (Bactris gasipaes),--,,--,c ʼ ɯ̂:w,cɨ̂w,çʉʉ̀w,c ʼ ɯ̌:w,,c ʼ ɯ̰̂:w,sɨɨ́w
Cara 1,dioscorea (tuber) (Dioscorea sp.),mãnãʔɯ:dn,manayyn,ʔɯ:dn,ʔĩ̌:n,ʔîn,iín,--,,--,
Cara 2,dioscorea (tuber) (Dioscorea sp.),--,,--,--,,,c ʼ ã̰h,,c ʼ ã̰h,sãah
Cogumelo (sp.),mushroom,pɤbm,bʼaa pëm,pɤbm,pɤb; pɤbmʔ,pəm’,pâm’,pɤbʔ,pàç,pɤbʔ,
Mandioca,manioc (Manihot utilissima),--,,--,jǎ:k,jǎk,yaák,kajak,kayak,jâ:k,
Pimenta 1,chili pepper (Capsicum sp.),--,,--,xɔw,xɔw,xow,kɔw,ków,kɔw,kow
Pimenta 2,chili pepper (Capsicum sp.),po̰:h,pʼooh,pɔ̰:h,--,,,--,,--,
Borracha,rubber,tʌg,bʼaa täg,tʌg,tǎ:k,tǎk,taák,tǎ:k,tàk,tǎ:k,ták
Cinzas 1,ash,--,,--,--,xuʔ,xu’,tuh,,tuh,túh
Cinzas 2,ash,ʔo:j,ooj,ʔɔ:j,--,,,--,,--,
Designativo de arvores,tree (bound form),tɤ:g,tÿÿg,tɤ:g,tɤ̂:gŋ,təg (bound form),tâg,tê:gŋ,tëg,tê:g,tëg
Lenha,wood,--,,--,duh,bæduh,beedur,ɗṵh,,ɗṵh,duúh
Toco,stump,--,,--,nɯd,nɨd,nʉd,dɯdn,dö́,--,
Veneno 1,curare poison (Strychnos sp.),--,,--,nã̂:m; nã̌:m,nã̌m,nãám,nã̌:m,,nã̌:m,
Veneno 2 (sp.),curare poison,pɯ̰:bm,pʼyym,pɯ:bm,--,wɨm [strong],wʉm [strong],pɯ̌:bm,nàm,pɯ̌:bm,
1pl Nos,1pl,ʔɤ:ɾə,ëër,--,ʔid,ʔid,id,ʔɯ̃n,ɨ́n,ʔɯ̃̌:n,ɨ̃n
Agua,water,naʔɤgŋ,naëng,naʔɤgŋ,nɤ̌:x,nə̌x,nâáx,ndě:h,dë̀h,ndê:h,dë́h
anta (tapirus terrestris),tapir,tʌ̰:gŋ,tʼëëng,tʌ̰:kŋ,tǎ :x,tǎx,taáx,tǎ :h,tàh,tǎ :h,tàh;táh
Asa,wing,takɤg,këg,takɤg,xê:,xê,xêè,kê:,kë́,tɤkeh,kë
Bacaba 2,bacaba palm,ʃawɯ:bm,sawyym,ʃɯwɯ:bm,wî:bm,wîm,wiìm,ciwǐ:bm,wós,wî:bm,wím
Buriti,buriti palm,c ʼ ʌ̰:g,tsʼëëg,c ʼ ʌ̰:g,c ʼ ǎ:k,cǎk,çaák,c ʼ ǎ̰:k,sʼàk,c ʼ â̰:k,saák
Buscar,look for,hɯ:dn,ehÿÿn,hɯ:dn,--,,,--,NF,--,
Caminho,path,tɯ:w,tyyw,tɯ:w,tɯ̂:w,tɨ̂w,tʉʉ̀w,tǐ:w,tiyìʼ,tî:w,tíw
Carapana,mosquito,--,gyyj,k ʼ ɯ:j,--,ʃɔ̃̂,sõò,k ʼ î:,kʼí,k ʼ ijǐ:h,kii
Carvão,charcoal,ʃɤh,sëh,ʃɤh,ʃɤ̌:x,ʃə̌x,sâáx,cɤ̌:h,tëg-sä̀h,--,
Ceu 2,sky,wɤʔ,wë,wɤ:ʔ,wɤ̌:ʔ,?,?,--,,--,
Cobra (sp.),snake sp.,ʔawɯ̰:ʔ,awʼyy,ʔawɯ̰:h,--,,,--,,--,
Comprido 1,long,dawɯ:t; dawɯd,dawÿÿt,nɯwɯ:t,w̰ʔɤt,w’ət,‘wât,w̰ʔɤt,wʼä́t,w̰ʔɤt,wäät
Cortar 3,cut (through/off),k ʼ akɯ:t; ,gakyyt,k ʼ akɯd,xɯ̌: t,xɨ̌t [cut through/off],xʉʉ́t [cut through/off],kɯt,kɨt,--,
Crescer 2; subir,grow; climb,ʃɤ̰:g,asëëk,ʃɤ̰:g,ʃâ:k,ʃǎk,saák,cak,sak,--,sak
Deitar 1,be suspended (in hammock; canoe),k ʼ ʌʔ; k ʼ ɤ:ʔ,agä,--,k ʼ aʔ,kaʔ [na rede; canoa; pindurar],ka’ [na rede; canoa; pindurar],k ʼ ã̰ʔ,kʼãʼ,k ʼ ã̰ʔ,kãʼ
Dente,tooth,tɤg,tëg,tɤg,tɤg,təg,tâg,tɤgŋ,tä́g,tɤgŋ,täg
Em forma de fio (cipo),vine; cord,tɯd,tyd,tɯd,tit,tit,tit,tit,tɨ́t,tɯt,tɨt
Esconder,hide,jɤdn,kejën,jɤdn,jê:dn,jên,yêèn,jɤ̂:dn,yä́d,jɤdn,yän
Estar em pe,stand,gɤ̰:d,agÿÿt,gɤ̰:d,kɤ̌t,kə̌t,kâát,cakʔet,kʼët,kʔedʔ,
Floresta,forest,hʌ:j,hëëj,hʌ:j,xâ:j,xâj,xaày,hǎ:j,hày,hâ:j,háy
Fogo,fire,tɤ:g,tÿÿg,tɤ:g,tɤ̌:ʔ,bohɔ̃̂; bɔ̃hɔ̃̂ [lenha: biduh; bæduh],bôrõò; bõrõò [lenha: bidur; beèdur],tě:gŋ,të̀g,tê:gŋ,të́g
Formiga-de-fogo,fire ant,ʔɯ:h,yyh,ʔɯ:h,ʔɯ̂:,ʔɨ̂,ʉʉ̀,ʔɯ̃̌:h,ɨ̃̀h,--,
Gordura 2,fat; grease,ʃɯ:j,syyj,ʃɯ:j,--,,,--,,--,
Homem 1,man,ʔajɯ̰:ʔ; ʔajɯ:ʔ,ajʼyy,ʔajɯ̰:h,--,,,tijǐ:ʔ,tiyìʼ,jî:ʔ,yí’
Jacare (sp.),caiman (sp.),wɤ:ʔ,wëë,wɤ:ʔ,--,,,--,,--,
Japura,japurá (tree),jawʌk,jawëk,wakŋ,wak,wak,wak,jawak,yawák,wǎ:k,wak
Longe 2,far,dawɤ̝:ʔ,dawÿÿ,nãwɯ:h,--,,,--,wʼë́h,--,
Macaco-caiarara,white-fronted capuchin monkey,hɤ̝:w,hÿÿw,hɤ:w,--,,,hɛ̂:w,héw,--,
Morcego 2,bat,wɤbm,wëm,wɤbm,--,,,--,,wɤ̌:bm,
Morder,bite,k ʼ ɤʃ; k ʼ ɤ:j,egës,k ʼ ɤʃ; k ʼ ɤ:j,k ʼ ɤʃ,kəʃ,kâs,k ʼ ɤç,kʼäç,k ʼ ɤjʰ,kääç
Noite,night,c ʼ ɤbm,atsëm,c ʼ ɤbm,c ʼ ebm,cem,çêm,c ʼ ɤ̰bm,sʼä́b,c ʼ ɤ̰bm,sääm
Nome,name,hʌd; hʌt,häd,hʌ̰:d,xǎ:t,xǎt,xaát,hǎ:t,hàt,hǎ:t,hát
Olho,eye,mãtɯbm,matym,mãtɯbm,tɯbm,tɨm,tʉm,--,tɨ̀b,--,
Ouvir 1,hear,wɤ:ʔ; wɤʔ,ma newÿÿ,wɤʔ,wɤʔ,wə̌’,wâá’,wɤʔ,wä́ʼ,--,
Ouvir 2; saber,hear; understand,pʌh; pɤ:h,hapäh,pa:h,pǎ:h,pǎh,paár,pãh,NF,pãh,pãh
Pai 1,father,ʔɯb,yb,ʔɯb,ʔǐ:p,ʔǐp,iíp,ʔǐ:p,,ʔǐ:p,íp
Passaro (generico),bird,tawɤ̰:d,tawʼëëd,tɤwɤ̰:d,tɤwɤ̌t,təwə́t,tâwâát,wě:t,wèy,wê:t,wë́t
Pataua,seje palm,wʌgŋ,wäng,wʌkŋ,wax,wax,wax,wuh,wáh,wǎ:h,wah
Pe,foot,c ʼ ɯ:bm,tsyym,c ʼ ɯ:bm,c ʼ ɯ̂:bm,cɨ̂m,çʉʉ̀m,c ʼ ḭ̌:bm,sʼìb,c ʼ î:bm,siím
Pesado,heavy,jawɯk,jawyk,jɯwɯkŋ,--,təw’,tâw’,jiwik,yiwík,wik,wik
Preto,black,c ʼ ɤgŋ,tsäng?,c ʼ ɤ:h,cʼ â:,câ,çaà,cʼ â̰:,sʼá,cʼ â̰:h,saa
Pupunha 2,peach palm,jɤ:ʔ,jÿÿ,jɯ:h,--,,,--,,--,
Rapaz,adolescent boy,pahɤ:w,pahëëw,pʌhʌ:w,pɛdxâ:w,pæɟxǎw,pejxaáw,pɛʃâ:w,pẽy,pɛdhǎ:w,
Roçar 1,clear brush/trees,k ʼ ɤ:bm; k ʼ ɤ:w,gëëw,k ʼ ɤ:w,k ʼ â:w,xǎp (cortar plantas pequenas primeiro); kâw (derrober arvores),xaáp (cortar plantas pequenas primeiro); kaàw (derrober arvores),--,,--,
Sangue,blood,mãjɯ:w; mãjɯ:bm,majyyw,mɯ̃jɯ:w,jɯ̂:w,jɨ̂w,yʉʉ̀w,mbĩjî:w,biyìw,dîw,
Sujo,dirty,tɤ:w,tÿÿw,--,tɤ̌:w̰ʔ,tə̌w’ [sujeiro]; dɨj [person; color shade]; cik [things],tâáw’ [sujeiro]; dʉy [person; color shade]; çik [things],c ʼ ǎ̰:w̰ʔ,sʼàw,c ʼ ǎ̰:w̰ʔ,saáw’
Ucuqui,ucuqui (tree),mʌ̃ʔ,mä,mʌ̃ʔ,mɯ̃̂:,mʉ̃̂,mʉ̃ʉ̀,mɯ̃̌:h,mɨ̀h,mɯ̃h,mɨ́h
Urucum,achiote; anatto,hɤ̰:w,hʼÿÿw,hɤ̰:w,hɤ̂:w,hə̂w,râàw,hɤ̌:w,hä̀w,hɤ̂:w,hä́w
Velha,old woman,wahɤh; wahɯ̰:h; wah,wahʼÿÿ,--,--,ʔãjhən; ʔãjwâ; ʔãjwǎh,ãyrân; ãywaà; ãywaár [dialectal differences?],wâ:,wá,tɤwɤhɤ̌:h,wähä́h
Vomitar,vomit,hɤ:dn,ehëën,hɤ:dn,xâ:dn,xân,xaàn,hɔ̃̌:n,höhö̀ʼ,hɔ̃n,hõn
